1,object_detection/test_image/3_mp4-416-2.jpg
1,object_detection/test_image/3_mp4-241083-2.jpg
1,object_detection/test_image/3_mp4-194083-0.jpg
1,object_detection/test_image/3_mp4-188416-0.jpg
1,object_detection/test_image/3_mp4-145083-1.jpg
1,object_detection/test_image/3_mp4-8750-1.jpg
1,object_detection/test_image/3_mp4-72083-0.jpg
1,object_detection/test_image/3_mp4-246750-3.jpg
1,object_detection/test_image/3_mp4-238083-1.jpg
1,object_detection/test_image/3_mp4-248750-0.jpg
1,object_detection/test_image/3_mp4-134083-0.jpg
1,object_detection/test_image/3_mp4-239416-0.jpg
1,object_detection/test_image/3_mp4-150750-1.jpg
1,object_detection/test_image/3_mp4-36083-2.jpg
1,object_detection/test_image/3_mp4-246750-0.jpg
1,object_detection/test_image/3_mp4-9416-1.jpg
1,object_detection/test_image/3_mp4-123416-0.jpg
1,object_detection/test_image/3_mp4-93083-2.jpg
1,object_detection/test_image/3_mp4-91416-1.jpg
1,object_detection/test_image/3_mp4-248416-1.jpg
1,object_detection/test_image/3_mp4-79750-0.jpg
1,object_detection/test_image/3_mp4-229416-1.jpg
1,object_detection/test_image/3_mp4-126750-2.jpg
1,object_detection/test_image/3_mp4-88083-0.jpg
1,object_detection/test_image/3_mp4-202750-2.jpg
1,object_detection/test_image/3_mp4-157750-3.jpg
1,object_detection/test_image/3_mp4-164750-0.jpg
1,object_detection/test_image/3_mp4-156416-2.jpg
1,object_detection/test_image/3_mp4-42750-1.jpg
1,object_detection/test_image/3_mp4-204416-0.jpg
1,object_detection/test_image/3_mp4-241083-3.jpg
1,object_detection/test_image/3_mp4-179083-2.jpg
1,object_detection/test_image/3_mp4-107083-1.jpg
1,object_detection/test_image/3_mp4-121083-2.jpg
1,object_detection/test_image/3_mp4-241416-1.jpg
1,object_detection/test_image/3_mp4-184416-0.jpg
1,object_detection/test_image/3_mp4-7750-2.jpg
1,object_detection/test_image/3_mp4-210416-2.jpg
1,object_detection/test_image/3_mp4-101416-1.jpg
1,object_detection/test_image/3_mp4-239750-1.jpg
1,object_detection/test_image/3_mp4-152416-0.jpg
1,object_detection/test_image/3_mp4-5083-0.jpg
1,object_detection/test_image/3_mp4-9416-3.jpg
1,object_detection/test_image/3_mp4-43416-0.jpg
1,object_detection/test_image/3_mp4-162416-2.jpg
1,object_detection/test_image/3_mp4-120083-0.jpg
1,object_detection/test_image/3_mp4-34083-2.jpg
1,object_detection/test_image/3_mp4-245416-1.jpg
1,object_detection/test_image/3_mp4-83750-1.jpg
1,object_detection/test_image/3_mp4-244750-2.jpg
1,object_detection/test_image/3_mp4-20416-0.jpg
1,object_detection/test_image/3_mp4-66083-0.jpg
1,object_detection/test_image/3_mp4-227750-1.jpg
1,object_detection/test_image/3_mp4-9750-2.jpg
1,object_detection/test_image/3_mp4-203750-1.jpg
1,object_detection/test_image/3_mp4-240750-0.jpg
1,object_detection/test_image/3_mp4-109750-0.jpg
1,object_detection/test_image/3_mp4-242750-2.jpg
1,object_detection/test_image/3_mp4-71083-3.jpg
1,object_detection/test_image/3_mp4-178416-1.jpg
1,object_detection/test_image/3_mp4-26083-1.jpg
1,object_detection/test_image/3_mp4-10083-3.jpg
1,object_detection/test_image/3_mp4-217416-1.jpg
1,object_detection/test_image/3_mp4-139083-2.jpg
1,object_detection/test_image/3_mp4-34750-0.jpg
1,object_detection/test_image/3_mp4-230750-0.jpg
1,object_detection/test_image/3_mp4-172416-1.jpg
1,object_detection/test_image/3_mp4-204083-0.jpg
1,object_detection/test_image/3_mp4-1750-1.jpg
1,object_detection/test_image/3_mp4-203750-0.jpg
1,object_detection/test_image/3_mp4-139083-4.jpg
1,object_detection/test_image/3_mp4-82083-0.jpg
1,object_detection/test_image/3_mp4-166083-2.jpg
1,object_detection/test_image/3_mp4-101750-0.jpg
1,object_detection/test_image/3_mp4-129416-1.jpg
1,object_detection/test_image/3_mp4-22416-0.jpg
1,object_detection/test_image/3_mp4-241750-3.jpg
1,object_detection/test_image/3_mp4-113750-1.jpg
1,object_detection/test_image/3_mp4-135750-0.jpg
1,object_detection/test_image/3_mp4-193750-3.jpg
1,object_detection/test_image/3_mp4-202416-1.jpg
1,object_detection/test_image/3_mp4-245750-3.jpg
1,object_detection/test_image/3_mp4-67750-0.jpg
1,object_detection/test_image/3_mp4-16083-1.jpg
1,object_detection/test_image/3_mp4-215416-1.jpg
1,object_detection/test_image/3_mp4-222750-0.jpg
1,object_detection/test_image/3_mp4-105083-0.jpg
1,object_detection/test_image/3_mp4-54750-0.jpg
1,object_detection/test_image/3_mp4-221083-2.jpg
1,object_detection/test_image/3_mp4-75083-0.jpg
1,object_detection/test_image/3_mp4-116083-0.jpg
1,object_detection/test_image/3_mp4-52416-1.jpg
1,object_detection/test_image/3_mp4-10083-1.jpg
1,object_detection/test_image/3_mp4-73750-0.jpg
1,object_detection/test_image/3_mp4-95416-4.jpg
1,object_detection/test_image/3_mp4-223750-0.jpg
1,object_detection/test_image/3_mp4-202416-0.jpg
1,object_detection/test_image/3_mp4-240416-5.jpg
1,object_detection/test_image/3_mp4-235750-0.jpg
1,object_detection/test_image/3_mp4-195416-0.jpg
1,object_detection/test_image/3_mp4-197083-0.jpg
1,object_detection/test_image/3_mp4-5416-5.jpg
1,object_detection/test_image/3_mp4-221416-0.jpg
1,object_detection/test_image/3_mp4-222416-0.jpg
1,object_detection/test_image/3_mp4-5416-3.jpg
1,object_detection/test_image/3_mp4-25083-1.jpg
1,object_detection/test_image/3_mp4-98083-1.jpg
1,object_detection/test_image/3_mp4-137416-1.jpg
1,object_detection/test_image/3_mp4-222416-1.jpg
1,object_detection/test_image/3_mp4-21416-1.jpg
1,object_detection/test_image/3_mp4-18750-0.jpg
1,object_detection/test_image/3_mp4-242750-1.jpg
1,object_detection/test_image/3_mp4-244750-0.jpg
1,object_detection/test_image/3_mp4-37416-0.jpg
1,object_detection/test_image/3_mp4-175416-1.jpg
1,object_detection/test_image/3_mp4-77083-1.jpg
1,object_detection/test_image/3_mp4-92750-0.jpg
1,object_detection/test_image/3_mp4-51416-0.jpg
1,object_detection/test_image/3_mp4-67416-0.jpg
1,object_detection/test_image/3_mp4-105416-0.jpg
1,object_detection/test_image/3_mp4-72750-1.jpg
1,object_detection/test_image/3_mp4-236416-2.jpg
1,object_detection/test_image/3_mp4-241083-4.jpg
1,object_detection/test_image/3_mp4-35416-0.jpg
1,object_detection/test_image/3_mp4-177750-2.jpg
1,object_detection/test_image/3_mp4-30416-1.jpg
1,object_detection/test_image/3_mp4-158083-3.jpg
1,object_detection/test_image/3_mp4-122750-1.jpg
1,object_detection/test_image/3_mp4-157750-0.jpg
1,object_detection/test_image/3_mp4-47750-3.jpg
1,object_detection/test_image/3_mp4-99083-0.jpg
1,object_detection/test_image/3_mp4-32416-1.jpg
1,object_detection/test_image/3_mp4-240416-4.jpg
1,object_detection/test_image/3_mp4-19083-0.jpg
1,object_detection/test_image/3_mp4-113416-0.jpg
1,object_detection/test_image/3_mp4-7416-0.jpg
1,object_detection/test_image/3_mp4-192083-0.jpg
1,object_detection/test_image/3_mp4-210750-2.jpg
1,object_detection/test_image/3_mp4-132750-0.jpg
1,object_detection/test_image/3_mp4-96083-1.jpg
1,object_detection/test_image/3_mp4-155416-0.jpg
1,object_detection/test_image/3_mp4-211750-0.jpg
1,object_detection/test_image/3_mp4-9083-2.jpg
1,object_detection/test_image/3_mp4-82750-0.jpg
1,object_detection/test_image/3_mp4-104416-1.jpg
1,object_detection/test_image/3_mp4-109416-0.jpg
1,object_detection/test_image/3_mp4-246083-2.jpg
1,object_detection/test_image/3_mp4-195750-0.jpg
1,object_detection/test_image/3_mp4-47083-0.jpg
1,object_detection/test_image/3_mp4-2750-0.jpg
1,object_detection/test_image/3_mp4-129416-0.jpg
1,object_detection/test_image/3_mp4-93750-0.jpg
1,object_detection/test_image/3_mp4-245750-2.jpg
1,object_detection/test_image/3_mp4-190083-1.jpg
1,object_detection/test_image/3_mp4-138083-0.jpg
1,object_detection/test_image/3_mp4-5083-3.jpg
1,object_detection/test_image/3_mp4-198750-0.jpg
1,object_detection/test_image/3_mp4-222083-2.jpg
1,object_detection/test_image/3_mp4-80416-1.jpg
1,object_detection/test_image/3_mp4-153083-2.jpg
1,object_detection/test_image/3_mp4-178083-0.jpg
1,object_detection/test_image/3_mp4-17750-0.jpg
1,object_detection/test_image/3_mp4-161416-0.jpg
1,object_detection/test_image/3_mp4-161083-2.jpg
1,object_detection/test_image/3_mp4-45083-1.jpg
1,object_detection/test_image/3_mp4-244416-0.jpg
1,object_detection/test_image/3_mp4-156416-1.jpg
1,object_detection/test_image/3_mp4-194416-1.jpg
1,object_detection/test_image/3_mp4-32416-0.jpg
1,object_detection/test_image/3_mp4-137750-0.jpg
1,object_detection/test_image/3_mp4-202083-0.jpg
1,object_detection/test_image/3_mp4-207083-0.jpg
1,object_detection/test_image/3_mp4-112083-1.jpg
1,object_detection/test_image/3_mp4-39083-0.jpg
1,object_detection/test_image/3_mp4-139750-1.jpg
1,object_detection/test_image/3_mp4-160083-0.jpg
1,object_detection/test_image/3_mp4-249416-0.jpg
1,object_detection/test_image/3_mp4-222750-4.jpg
1,object_detection/test_image/3_mp4-35750-0.jpg
1,object_detection/test_image/3_mp4-237416-1.jpg
1,object_detection/test_image/3_mp4-128750-2.jpg
1,object_detection/test_image/3_mp4-102750-1.jpg
1,object_detection/test_image/3_mp4-70416-1.jpg
1,object_detection/test_image/3_mp4-155750-1.jpg
1,object_detection/test_image/3_mp4-39750-1.jpg
1,object_detection/test_image/3_mp4-15416-0.jpg
1,object_detection/test_image/3_mp4-5750-1.jpg
1,object_detection/test_image/3_mp4-134750-2.jpg
1,object_detection/test_image/3_mp4-107416-0.jpg
1,object_detection/test_image/3_mp4-175750-0.jpg
1,object_detection/test_image/3_mp4-48083-1.jpg
1,object_detection/test_image/3_mp4-238416-2.jpg
1,object_detection/test_image/3_mp4-216750-0.jpg
1,object_detection/test_image/3_mp4-84083-1.jpg
1,object_detection/test_image/3_mp4-142083-1.jpg
1,object_detection/test_image/3_mp4-193750-2.jpg
1,object_detection/test_image/3_mp4-195083-0.jpg
1,object_detection/test_image/3_mp4-194750-1.jpg
1,object_detection/test_image/3_mp4-251083-0.jpg
1,object_detection/test_image/3_mp4-188083-1.jpg
1,object_detection/test_image/3_mp4-81416-0.jpg
1,object_detection/test_image/3_mp4-139750-0.jpg
1,object_detection/test_image/3_mp4-6416-1.jpg
1,object_detection/test_image/3_mp4-158416-1.jpg
1,object_detection/test_image/3_mp4-76416-0.jpg
1,object_detection/test_image/3_mp4-231750-0.jpg
1,object_detection/test_image/3_mp4-214083-0.jpg
1,object_detection/test_image/3_mp4-240750-4.jpg
1,object_detection/test_image/3_mp4-74416-0.jpg
1,object_detection/test_image/3_mp4-98416-0.jpg
1,object_detection/test_image/3_mp4-81416-1.jpg
1,object_detection/test_image/3_mp4-75083-1.jpg
1,object_detection/test_image/3_mp4-173083-1.jpg
1,object_detection/test_image/3_mp4-242083-1.jpg
1,object_detection/test_image/3_mp4-220083-2.jpg
1,object_detection/test_image/3_mp4-83-0.jpg
1,object_detection/test_image/3_mp4-247083-3.jpg
1,object_detection/test_image/3_mp4-132750-1.jpg
1,object_detection/test_image/3_mp4-244083-1.jpg
1,object_detection/test_image/3_mp4-157083-0.jpg
1,object_detection/test_image/3_mp4-46750-2.jpg
1,object_detection/test_image/3_mp4-68750-1.jpg
1,object_detection/test_image/3_mp4-203750-2.jpg
1,object_detection/test_image/3_mp4-7750-5.jpg
1,object_detection/test_image/3_mp4-55416-0.jpg
1,object_detection/test_image/3_mp4-84416-0.jpg
1,object_detection/test_image/3_mp4-97416-1.jpg
1,object_detection/test_image/3_mp4-48416-0.jpg
1,object_detection/test_image/3_mp4-151416-1.jpg
1,object_detection/test_image/3_mp4-83083-1.jpg
1,object_detection/test_image/3_mp4-186750-0.jpg
1,object_detection/test_image/3_mp4-103750-0.jpg
1,object_detection/test_image/3_mp4-47750-0.jpg
1,object_detection/test_image/3_mp4-160750-0.jpg
1,object_detection/test_image/3_mp4-158416-0.jpg
1,object_detection/test_image/3_mp4-193416-0.jpg
1,object_detection/test_image/3_mp4-189083-1.jpg
1,object_detection/test_image/3_mp4-178750-3.jpg
1,object_detection/test_image/3_mp4-229083-0.jpg
1,object_detection/test_image/3_mp4-416-3.jpg
1,object_detection/test_image/3_mp4-45750-0.jpg
1,object_detection/test_image/3_mp4-9083-0.jpg
1,object_detection/test_image/3_mp4-197750-0.jpg
1,object_detection/test_image/3_mp4-218083-2.jpg
1,object_detection/test_image/3_mp4-197083-1.jpg
1,object_detection/test_image/3_mp4-95083-1.jpg
1,object_detection/test_image/3_mp4-23083-0.jpg
1,object_detection/test_image/3_mp4-219083-1.jpg
1,object_detection/test_image/3_mp4-136750-0.jpg
1,object_detection/test_image/3_mp4-53083-0.jpg
1,object_detection/test_image/3_mp4-208416-0.jpg
1,object_detection/test_image/3_mp4-107750-0.jpg
1,object_detection/test_image/3_mp4-1416-0.jpg
1,object_detection/test_image/3_mp4-135083-2.jpg
1,object_detection/test_image/3_mp4-20750-1.jpg
1,object_detection/test_image/3_mp4-7750-3.jpg
1,object_detection/test_image/3_mp4-124083-1.jpg
1,object_detection/test_image/3_mp4-171083-1.jpg
1,object_detection/test_image/3_mp4-210083-1.jpg
1,object_detection/test_image/3_mp4-243416-2.jpg
1,object_detection/test_image/3_mp4-118083-0.jpg
1,object_detection/test_image/3_mp4-146750-0.jpg
1,object_detection/test_image/3_mp4-124416-1.jpg
1,object_detection/test_image/3_mp4-31083-1.jpg
1,object_detection/test_image/3_mp4-4750-0.jpg
1,object_detection/test_image/3_mp4-71083-2.jpg
1,object_detection/test_image/3_mp4-127083-0.jpg
1,object_detection/test_image/3_mp4-8416-3.jpg
1,object_detection/test_image/3_mp4-5750-0.jpg
1,object_detection/test_image/3_mp4-175750-1.jpg
1,object_detection/test_image/3_mp4-47083-1.jpg
1,object_detection/test_image/3_mp4-132416-0.jpg
1,object_detection/test_image/3_mp4-221416-2.jpg
1,object_detection/test_image/3_mp4-56083-0.jpg
1,object_detection/test_image/3_mp4-223416-2.jpg
1,object_detection/test_image/3_mp4-137416-0.jpg
1,object_detection/test_image/3_mp4-199083-0.jpg
1,object_detection/test_image/3_mp4-21416-0.jpg
1,object_detection/test_image/3_mp4-218083-3.jpg
1,object_detection/test_image/3_mp4-20750-0.jpg
1,object_detection/test_image/3_mp4-171083-0.jpg
1,object_detection/test_image/3_mp4-134416-2.jpg
1,object_detection/test_image/3_mp4-153416-0.jpg
1,object_detection/test_image/3_mp4-11083-0.jpg
1,object_detection/test_image/3_mp4-20083-0.jpg
1,object_detection/test_image/3_mp4-45750-1.jpg
1,object_detection/test_image/3_mp4-11083-1.jpg
1,object_detection/test_image/3_mp4-13750-0.jpg
1,object_detection/test_image/3_mp4-96083-0.jpg
1,object_detection/test_image/3_mp4-192416-1.jpg
1,object_detection/test_image/3_mp4-156750-0.jpg
1,object_detection/test_image/3_mp4-141750-0.jpg
1,object_detection/test_image/3_mp4-71083-0.jpg
1,object_detection/test_image/3_mp4-217416-0.jpg
1,object_detection/test_image/3_mp4-147416-0.jpg
1,object_detection/test_image/3_mp4-189750-2.jpg
1,object_detection/test_image/3_mp4-15083-2.jpg
1,object_detection/test_image/3_mp4-235083-0.jpg
1,object_detection/test_image/3_mp4-208416-2.jpg
1,object_detection/test_image/3_mp4-44083-0.jpg
1,object_detection/test_image/3_mp4-122750-0.jpg
1,object_detection/test_image/3_mp4-247083-4.jpg
1,object_detection/test_image/3_mp4-204750-1.jpg
1,object_detection/test_image/3_mp4-198416-0.jpg
1,object_detection/test_image/3_mp4-36750-1.jpg
1,object_detection/test_image/3_mp4-140083-1.jpg
1,object_detection/test_image/3_mp4-124750-1.jpg
1,object_detection/test_image/3_mp4-247416-2.jpg
1,object_detection/test_image/3_mp4-133083-1.jpg
1,object_detection/test_image/3_mp4-204083-1.jpg
1,object_detection/test_image/3_mp4-140083-0.jpg
1,object_detection/test_image/3_mp4-15083-1.jpg
1,object_detection/test_image/3_mp4-243083-1.jpg
1,object_detection/test_image/3_mp4-18416-0.jpg
1,object_detection/test_image/3_mp4-11416-2.jpg
1,object_detection/test_image/3_mp4-176416-1.jpg
1,object_detection/test_image/3_mp4-81416-2.jpg
1,object_detection/test_image/3_mp4-224416-1.jpg
1,object_detection/test_image/3_mp4-68083-1.jpg
1,object_detection/test_image/3_mp4-97750-0.jpg
1,object_detection/test_image/3_mp4-135416-0.jpg
1,object_detection/test_image/3_mp4-138750-1.jpg
1,object_detection/test_image/3_mp4-139083-3.jpg
1,object_detection/test_image/3_mp4-23750-0.jpg
1,object_detection/test_image/3_mp4-190750-2.jpg
1,object_detection/test_image/3_mp4-168083-0.jpg
1,object_detection/test_image/3_mp4-96750-0.jpg
1,object_detection/test_image/3_mp4-46750-0.jpg
1,object_detection/test_image/3_mp4-144750-0.jpg
1,object_detection/test_image/3_mp4-239083-2.jpg
1,object_detection/test_image/3_mp4-157416-1.jpg
1,object_detection/test_image/3_mp4-150083-1.jpg
1,object_detection/test_image/3_mp4-137750-1.jpg
1,object_detection/test_image/3_mp4-243750-0.jpg
1,object_detection/test_image/3_mp4-49416-0.jpg
1,object_detection/test_image/3_mp4-246416-1.jpg
1,object_detection/test_image/3_mp4-244416-4.jpg
1,object_detection/test_image/3_mp4-84750-0.jpg
1,object_detection/test_image/3_mp4-211416-0.jpg
1,object_detection/test_image/3_mp4-1083-1.jpg
1,object_detection/test_image/3_mp4-62083-1.jpg
1,object_detection/test_image/3_mp4-67416-2.jpg
1,object_detection/test_image/3_mp4-65083-1.jpg
1,object_detection/test_image/3_mp4-58750-1.jpg
1,object_detection/test_image/3_mp4-56416-2.jpg
1,object_detection/test_image/3_mp4-42416-1.jpg
1,object_detection/test_image/3_mp4-134416-0.jpg
1,object_detection/test_image/3_mp4-65416-0.jpg
1,object_detection/test_image/3_mp4-5083-2.jpg
1,object_detection/test_image/3_mp4-10083-4.jpg
1,object_detection/test_image/3_mp4-73083-0.jpg
1,object_detection/test_image/3_mp4-163083-0.jpg
1,object_detection/test_image/3_mp4-213750-1.jpg
1,object_detection/test_image/3_mp4-142083-0.jpg
1,object_detection/test_image/3_mp4-114416-1.jpg
1,object_detection/test_image/3_mp4-174083-0.jpg
1,object_detection/test_image/3_mp4-219750-0.jpg
1,object_detection/test_image/3_mp4-222750-2.jpg
1,object_detection/test_image/3_mp4-178750-2.jpg
1,object_detection/test_image/3_mp4-107416-2.jpg
1,object_detection/test_image/3_mp4-61416-2.jpg
1,object_detection/test_image/3_mp4-129750-0.jpg
1,object_detection/test_image/3_mp4-160750-1.jpg
1,object_detection/test_image/3_mp4-53416-2.jpg
1,object_detection/test_image/3_mp4-110083-1.jpg
1,object_detection/test_image/3_mp4-120750-0.jpg
1,object_detection/test_image/3_mp4-15083-0.jpg
1,object_detection/test_image/3_mp4-19083-2.jpg
1,object_detection/test_image/3_mp4-170083-0.jpg
1,object_detection/test_image/3_mp4-36083-0.jpg
1,object_detection/test_image/3_mp4-12083-4.jpg
1,object_detection/test_image/3_mp4-237750-1.jpg
1,object_detection/test_image/3_mp4-94750-0.jpg
1,object_detection/test_image/3_mp4-158083-0.jpg
1,object_detection/test_image/3_mp4-168416-0.jpg
1,object_detection/test_image/3_mp4-244416-1.jpg
1,object_detection/test_image/3_mp4-190750-1.jpg
1,object_detection/test_image/3_mp4-106416-0.jpg
1,object_detection/test_image/3_mp4-68750-0.jpg
1,object_detection/test_image/3_mp4-179083-1.jpg
1,object_detection/test_image/3_mp4-221416-1.jpg
1,object_detection/test_image/3_mp4-60083-2.jpg
1,object_detection/test_image/3_mp4-219750-2.jpg
1,object_detection/test_image/3_mp4-82083-2.jpg
1,object_detection/test_image/3_mp4-143083-1.jpg
1,object_detection/test_image/3_mp4-3083-0.jpg
1,object_detection/test_image/3_mp4-12750-1.jpg
1,object_detection/test_image/3_mp4-9083-3.jpg
1,object_detection/test_image/3_mp4-121083-1.jpg
1,object_detection/test_image/3_mp4-145416-0.jpg
1,object_detection/test_image/3_mp4-83083-0.jpg
1,object_detection/test_image/3_mp4-138750-2.jpg
1,object_detection/test_image/3_mp4-45083-0.jpg
1,object_detection/test_image/3_mp4-79416-0.jpg
1,object_detection/test_image/3_mp4-243083-0.jpg
1,object_detection/test_image/3_mp4-102416-1.jpg
1,object_detection/test_image/3_mp4-8083-0.jpg
1,object_detection/test_image/3_mp4-136416-0.jpg
1,object_detection/test_image/3_mp4-153083-0.jpg
1,object_detection/test_image/3_mp4-2083-0.jpg
1,object_detection/test_image/3_mp4-215083-0.jpg
1,object_detection/test_image/3_mp4-107083-0.jpg
1,object_detection/test_image/3_mp4-233083-0.jpg
1,object_detection/test_image/3_mp4-87750-0.jpg
1,object_detection/test_image/3_mp4-188416-2.jpg
1,object_detection/test_image/3_mp4-125083-1.jpg
1,object_detection/test_image/3_mp4-198750-1.jpg
1,object_detection/test_image/3_mp4-142416-0.jpg
1,object_detection/test_image/3_mp4-16083-2.jpg
1,object_detection/test_image/3_mp4-88750-1.jpg
1,object_detection/test_image/3_mp4-246416-0.jpg
1,object_detection/test_image/3_mp4-74750-0.jpg
1,object_detection/test_image/3_mp4-241083-5.jpg
1,object_detection/test_image/3_mp4-122083-2.jpg
1,object_detection/test_image/3_mp4-235750-1.jpg
1,object_detection/test_image/3_mp4-238083-2.jpg
1,object_detection/test_image/3_mp4-194083-2.jpg
1,object_detection/test_image/3_mp4-130083-1.jpg
1,object_detection/test_image/3_mp4-7416-4.jpg
1,object_detection/test_image/3_mp4-95750-3.jpg
1,object_detection/test_image/3_mp4-106416-1.jpg
1,object_detection/test_image/3_mp4-171750-0.jpg
1,object_detection/test_image/3_mp4-83083-2.jpg
1,object_detection/test_image/3_mp4-239750-2.jpg
1,object_detection/test_image/3_mp4-62083-0.jpg
1,object_detection/test_image/3_mp4-51750-1.jpg
1,object_detection/test_image/3_mp4-33750-0.jpg
1,object_detection/test_image/3_mp4-122083-0.jpg
1,object_detection/test_image/3_mp4-7416-1.jpg
1,object_detection/test_image/3_mp4-164083-0.jpg
1,object_detection/test_image/3_mp4-174750-1.jpg
1,object_detection/test_image/3_mp4-14416-2.jpg
1,object_detection/test_image/3_mp4-146416-0.jpg
1,object_detection/test_image/3_mp4-241416-4.jpg
1,object_detection/test_image/3_mp4-235416-1.jpg
1,object_detection/test_image/3_mp4-36416-1.jpg
1,object_detection/test_image/3_mp4-115750-0.jpg
1,object_detection/test_image/3_mp4-7750-4.jpg
1,object_detection/test_image/3_mp4-30083-0.jpg
1,object_detection/test_image/3_mp4-112750-1.jpg
1,object_detection/test_image/3_mp4-149083-0.jpg
1,object_detection/test_image/3_mp4-16750-0.jpg
1,object_detection/test_image/3_mp4-136083-1.jpg
1,object_detection/test_image/3_mp4-162750-0.jpg
1,object_detection/test_image/3_mp4-98750-0.jpg
1,object_detection/test_image/3_mp4-41416-0.jpg
1,object_detection/test_image/3_mp4-141750-1.jpg
1,object_detection/test_image/3_mp4-139083-0.jpg
1,object_detection/test_image/3_mp4-128083-1.jpg
1,object_detection/test_image/3_mp4-12083-3.jpg
1,object_detection/test_image/3_mp4-47750-2.jpg
1,object_detection/test_image/3_mp4-199083-2.jpg
1,object_detection/test_image/3_mp4-46083-0.jpg
1,object_detection/test_image/3_mp4-71750-2.jpg
1,object_detection/test_image/3_mp4-92416-1.jpg
1,object_detection/test_image/3_mp4-165416-0.jpg
1,object_detection/test_image/3_mp4-164416-0.jpg
1,object_detection/test_image/3_mp4-5750-4.jpg
1,object_detection/test_image/3_mp4-191083-0.jpg
1,object_detection/test_image/3_mp4-179416-0.jpg
1,object_detection/test_image/3_mp4-95750-0.jpg
1,object_detection/test_image/3_mp4-125083-0.jpg
1,object_detection/test_image/3_mp4-108083-0.jpg
1,object_detection/test_image/3_mp4-69083-0.jpg
1,object_detection/test_image/3_mp4-104083-0.jpg
1,object_detection/test_image/3_mp4-92083-0.jpg
1,object_detection/test_image/3_mp4-104416-0.jpg
1,object_detection/test_image/3_mp4-43083-0.jpg
1,object_detection/test_image/3_mp4-149083-1.jpg
1,object_detection/test_image/3_mp4-26416-2.jpg
1,object_detection/test_image/3_mp4-188750-0.jpg
1,object_detection/test_image/3_mp4-205416-2.jpg
1,object_detection/test_image/3_mp4-159750-0.jpg
1,object_detection/test_image/3_mp4-217083-2.jpg
1,object_detection/test_image/3_mp4-144750-1.jpg
1,object_detection/test_image/3_mp4-103416-0.jpg
1,object_detection/test_image/3_mp4-70416-0.jpg
1,object_detection/test_image/3_mp4-224416-0.jpg
1,object_detection/test_image/3_mp4-19083-1.jpg
1,object_detection/test_image/3_mp4-231416-0.jpg
1,object_detection/test_image/3_mp4-192750-1.jpg
1,object_detection/test_image/3_mp4-163416-0.jpg
1,object_detection/test_image/3_mp4-111083-1.jpg
1,object_detection/test_image/3_mp4-208750-2.jpg
1,object_detection/test_image/3_mp4-179750-2.jpg
1,object_detection/test_image/3_mp4-244416-2.jpg
1,object_detection/test_image/3_mp4-98083-0.jpg
1,object_detection/test_image/3_mp4-198750-3.jpg
1,object_detection/test_image/3_mp4-140750-1.jpg
1,object_detection/test_image/3_mp4-4416-2.jpg
1,object_detection/test_image/3_mp4-33083-0.jpg
1,object_detection/test_image/3_mp4-32083-0.jpg
1,object_detection/test_image/3_mp4-154416-0.jpg
1,object_detection/test_image/3_mp4-94083-1.jpg
1,object_detection/test_image/3_mp4-34416-1.jpg
1,object_detection/test_image/3_mp4-1083-0.jpg
1,object_detection/test_image/3_mp4-202750-1.jpg
1,object_detection/test_image/3_mp4-179750-0.jpg
1,object_detection/test_image/3_mp4-24750-0.jpg
1,object_detection/test_image/3_mp4-235750-2.jpg
1,object_detection/test_image/3_mp4-207416-1.jpg
1,object_detection/test_image/3_mp4-131750-2.jpg
1,object_detection/test_image/3_mp4-50083-0.jpg
1,object_detection/test_image/3_mp4-168416-2.jpg
1,object_detection/test_image/3_mp4-35750-2.jpg
1,object_detection/test_image/3_mp4-237416-0.jpg
1,object_detection/test_image/3_mp4-173416-1.jpg
1,object_detection/test_image/3_mp4-182416-0.jpg
1,object_detection/test_image/3_mp4-144083-1.jpg
1,object_detection/test_image/3_mp4-14416-1.jpg
1,object_detection/test_image/3_mp4-164416-2.jpg
1,object_detection/test_image/3_mp4-44083-1.jpg
1,object_detection/test_image/3_mp4-91083-2.jpg
1,object_detection/test_image/3_mp4-200416-1.jpg
1,object_detection/test_image/3_mp4-211083-0.jpg
1,object_detection/test_image/3_mp4-81750-0.jpg
1,object_detection/test_image/3_mp4-243083-2.jpg
1,object_detection/test_image/3_mp4-187416-0.jpg
1,object_detection/test_image/3_mp4-40750-0.jpg
1,object_detection/test_image/3_mp4-10416-4.jpg
1,object_detection/test_image/3_mp4-220083-0.jpg
1,object_detection/test_image/3_mp4-70750-1.jpg
1,object_detection/test_image/3_mp4-177083-0.jpg
1,object_detection/test_image/3_mp4-72083-1.jpg
1,object_detection/test_image/3_mp4-60750-1.jpg
1,object_detection/test_image/3_mp4-208083-1.jpg
1,object_detection/test_image/3_mp4-192416-0.jpg
1,object_detection/test_image/3_mp4-128083-0.jpg
1,object_detection/test_image/3_mp4-203416-0.jpg
1,object_detection/test_image/3_mp4-130750-0.jpg
1,object_detection/test_image/3_mp4-138083-1.jpg
1,object_detection/test_image/3_mp4-179750-1.jpg
1,object_detection/test_image/3_mp4-54083-1.jpg
1,object_detection/test_image/3_mp4-195083-1.jpg
1,object_detection/test_image/3_mp4-243416-3.jpg
1,object_detection/test_image/3_mp4-130416-0.jpg
1,object_detection/test_image/3_mp4-42750-0.jpg
1,object_detection/test_image/3_mp4-5416-4.jpg
1,object_detection/test_image/3_mp4-162083-0.jpg
1,object_detection/test_image/3_mp4-161750-0.jpg
1,object_detection/test_image/3_mp4-64750-0.jpg
1,object_detection/test_image/3_mp4-31416-0.jpg
1,object_detection/test_image/3_mp4-213083-0.jpg
1,object_detection/test_image/3_mp4-114416-0.jpg
1,object_detection/test_image/3_mp4-6416-2.jpg
1,object_detection/test_image/3_mp4-145416-1.jpg
1,object_detection/test_image/3_mp4-91416-0.jpg
1,object_detection/test_image/3_mp4-4750-2.jpg
1,object_detection/test_image/3_mp4-20083-1.jpg
1,object_detection/test_image/3_mp4-82083-1.jpg
1,object_detection/test_image/3_mp4-207416-0.jpg
1,object_detection/test_image/3_mp4-37083-0.jpg
1,object_detection/test_image/3_mp4-131750-1.jpg
1,object_detection/test_image/3_mp4-43416-1.jpg
1,object_detection/test_image/3_mp4-189416-2.jpg
1,object_detection/test_image/3_mp4-138416-3.jpg
1,object_detection/test_image/3_mp4-192750-0.jpg
1,object_detection/test_image/3_mp4-214750-0.jpg
1,object_detection/test_image/3_mp4-41750-0.jpg
1,object_detection/test_image/3_mp4-96416-0.jpg
1,object_detection/test_image/3_mp4-192083-1.jpg
1,object_detection/test_image/3_mp4-152083-1.jpg
1,object_detection/test_image/3_mp4-165083-1.jpg
1,object_detection/test_image/3_mp4-121416-2.jpg
1,object_detection/test_image/3_mp4-88083-1.jpg
1,object_detection/test_image/3_mp4-137083-2.jpg
1,object_detection/test_image/3_mp4-71750-3.jpg
1,object_detection/test_image/3_mp4-8083-2.jpg
1,object_detection/test_image/3_mp4-205416-3.jpg
1,object_detection/test_image/3_mp4-200083-0.jpg
1,object_detection/test_image/3_mp4-12083-2.jpg
1,object_detection/test_image/3_mp4-197416-2.jpg
1,object_detection/test_image/3_mp4-141416-0.jpg
1,object_detection/test_image/3_mp4-210416-0.jpg
1,object_detection/test_image/3_mp4-164416-1.jpg
1,object_detection/test_image/3_mp4-10416-0.jpg
1,object_detection/test_image/3_mp4-196750-0.jpg
1,object_detection/test_image/3_mp4-227750-0.jpg
1,object_detection/test_image/3_mp4-194416-2.jpg
1,object_detection/test_image/3_mp4-95083-0.jpg
1,object_detection/test_image/3_mp4-150083-0.jpg
1,object_detection/test_image/3_mp4-4750-1.jpg
1,object_detection/test_image/3_mp4-134750-1.jpg
1,object_detection/test_image/3_mp4-242083-2.jpg
1,object_detection/test_image/3_mp4-110083-0.jpg
1,object_detection/test_image/3_mp4-61750-0.jpg
1,object_detection/test_image/3_mp4-163750-0.jpg
1,object_detection/test_image/3_mp4-147750-1.jpg
1,object_detection/test_image/3_mp4-242750-0.jpg
1,object_detection/test_image/3_mp4-210083-0.jpg
1,object_detection/test_image/3_mp4-126750-0.jpg
1,object_detection/test_image/3_mp4-94083-2.jpg
1,object_detection/test_image/3_mp4-240750-1.jpg
1,object_detection/test_image/3_mp4-169083-0.jpg
1,object_detection/test_image/3_mp4-7750-0.jpg
1,object_detection/test_image/3_mp4-416-1.jpg
1,object_detection/test_image/3_mp4-167083-2.jpg
1,object_detection/test_image/3_mp4-44416-0.jpg
1,object_detection/test_image/3_mp4-99416-0.jpg
1,object_detection/test_image/3_mp4-141750-2.jpg
1,object_detection/test_image/3_mp4-23416-0.jpg
1,object_detection/test_image/3_mp4-95750-1.jpg
1,object_detection/test_image/3_mp4-4083-2.jpg
1,object_detection/test_image/3_mp4-49750-2.jpg
1,object_detection/test_image/3_mp4-137416-2.jpg
1,object_detection/test_image/3_mp4-103083-1.jpg
1,object_detection/test_image/3_mp4-92750-1.jpg
1,object_detection/test_image/3_mp4-35750-3.jpg
1,object_detection/test_image/3_mp4-94416-1.jpg
1,object_detection/test_image/3_mp4-91416-2.jpg
1,object_detection/test_image/3_mp4-69416-0.jpg
1,object_detection/test_image/3_mp4-131750-0.jpg
1,object_detection/test_image/3_mp4-238083-0.jpg
1,object_detection/test_image/3_mp4-94083-3.jpg
1,object_detection/test_image/3_mp4-128750-1.jpg
1,object_detection/test_image/3_mp4-243083-3.jpg
1,object_detection/test_image/3_mp4-170750-1.jpg
1,object_detection/test_image/3_mp4-148416-0.jpg
1,object_detection/test_image/3_mp4-195416-1.jpg
1,object_detection/test_image/3_mp4-228083-0.jpg
1,object_detection/test_image/3_mp4-65083-0.jpg
1,object_detection/test_image/3_mp4-187083-0.jpg
1,object_detection/test_image/3_mp4-83416-1.jpg
1,object_detection/test_image/3_mp4-188416-1.jpg
1,object_detection/test_image/3_mp4-177416-2.jpg
1,object_detection/test_image/3_mp4-34750-3.jpg
1,object_detection/test_image/3_mp4-125416-2.jpg
1,object_detection/test_image/3_mp4-89416-0.jpg
1,object_detection/test_image/3_mp4-163083-1.jpg
1,object_detection/test_image/3_mp4-56416-0.jpg
1,object_detection/test_image/3_mp4-208083-0.jpg
1,object_detection/test_image/3_mp4-71750-0.jpg
1,object_detection/test_image/3_mp4-224083-0.jpg
1,object_detection/test_image/3_mp4-35416-1.jpg
1,object_detection/test_image/3_mp4-45416-2.jpg
1,object_detection/test_image/3_mp4-5416-1.jpg
1,object_detection/test_image/3_mp4-140416-2.jpg
1,object_detection/test_image/3_mp4-94083-0.jpg
1,object_detection/test_image/3_mp4-167083-0.jpg
1,object_detection/test_image/3_mp4-223416-0.jpg
1,object_detection/test_image/3_mp4-12083-0.jpg
1,object_detection/test_image/3_mp4-244416-5.jpg
1,object_detection/test_image/3_mp4-132083-1.jpg
1,object_detection/test_image/3_mp4-61083-2.jpg
1,object_detection/test_image/3_mp4-242416-0.jpg
1,object_detection/test_image/3_mp4-54083-0.jpg
1,object_detection/test_image/3_mp4-224750-1.jpg
1,object_detection/test_image/3_mp4-42416-0.jpg
1,object_detection/test_image/3_mp4-121750-2.jpg
1,object_detection/test_image/3_mp4-53750-1.jpg
1,object_detection/test_image/3_mp4-33416-0.jpg
1,object_detection/test_image/3_mp4-185750-1.jpg
1,object_detection/test_image/3_mp4-134416-1.jpg
1,object_detection/test_image/3_mp4-126083-0.jpg
1,object_detection/test_image/3_mp4-247750-0.jpg
1,object_detection/test_image/3_mp4-159416-0.jpg
1,object_detection/test_image/3_mp4-239750-3.jpg
1,object_detection/test_image/3_mp4-97416-0.jpg
1,object_detection/test_image/3_mp4-5083-1.jpg
1,object_detection/test_image/3_mp4-241416-2.jpg
1,object_detection/test_image/3_mp4-41416-1.jpg
1,object_detection/test_image/3_mp4-246083-3.jpg
1,object_detection/test_image/3_mp4-181416-0.jpg
1,object_detection/test_image/3_mp4-98416-1.jpg
1,object_detection/test_image/3_mp4-176083-0.jpg
1,object_detection/test_image/3_mp4-91083-1.jpg
1,object_detection/test_image/3_mp4-70083-0.jpg
1,object_detection/test_image/3_mp4-14750-0.jpg
1,object_detection/test_image/3_mp4-187416-1.jpg
1,object_detection/test_image/3_mp4-70083-1.jpg
1,object_detection/test_image/3_mp4-191083-1.jpg
1,object_detection/test_image/3_mp4-47416-0.jpg
1,object_detection/test_image/3_mp4-191416-2.jpg
1,object_detection/test_image/3_mp4-55750-1.jpg
1,object_detection/test_image/3_mp4-11416-0.jpg
1,object_detection/test_image/3_mp4-12416-0.jpg
1,object_detection/test_image/3_mp4-38083-1.jpg
1,object_detection/test_image/3_mp4-127750-1.jpg
1,object_detection/test_image/3_mp4-53750-0.jpg
1,object_detection/test_image/3_mp4-135416-1.jpg
1,object_detection/test_image/3_mp4-80750-0.jpg
1,object_detection/test_image/3_mp4-63416-0.jpg
1,object_detection/test_image/3_mp4-31416-1.jpg
1,object_detection/test_image/3_mp4-156083-1.jpg
1,object_detection/test_image/3_mp4-221750-1.jpg
1,object_detection/test_image/3_mp4-240750-3.jpg
1,object_detection/test_image/3_mp4-131083-0.jpg
1,object_detection/test_image/3_mp4-150750-2.jpg
1,object_detection/test_image/3_mp4-218750-1.jpg
1,object_detection/test_image/3_mp4-133750-1.jpg
1,object_detection/test_image/3_mp4-185416-0.jpg
1,object_detection/test_image/3_mp4-143750-0.jpg
1,object_detection/test_image/3_mp4-218083-0.jpg
1,object_detection/test_image/3_mp4-62083-2.jpg
1,object_detection/test_image/3_mp4-246416-4.jpg
1,object_detection/test_image/3_mp4-46750-1.jpg
1,object_detection/test_image/3_mp4-245416-3.jpg
1,object_detection/test_image/3_mp4-187750-0.jpg
1,object_detection/test_image/3_mp4-127416-1.jpg
1,object_detection/test_image/3_mp4-198083-0.jpg
1,object_detection/test_image/3_mp4-245416-0.jpg
1,object_detection/test_image/3_mp4-205750-1.jpg
1,object_detection/test_image/3_mp4-176750-1.jpg
1,object_detection/test_image/3_mp4-97083-1.jpg
1,object_detection/test_image/3_mp4-46083-1.jpg
1,object_detection/test_image/3_mp4-246750-1.jpg
1,object_detection/test_image/3_mp4-40750-1.jpg
1,object_detection/test_image/3_mp4-196083-0.jpg
1,object_detection/test_image/3_mp4-235416-0.jpg
1,object_detection/test_image/3_mp4-166083-1.jpg
1,object_detection/test_image/3_mp4-33750-1.jpg
1,object_detection/test_image/3_mp4-239416-2.jpg
1,object_detection/test_image/3_mp4-55083-0.jpg
1,object_detection/test_image/3_mp4-6750-0.jpg
1,object_detection/test_image/3_mp4-96416-2.jpg
1,object_detection/test_image/3_mp4-244750-1.jpg
1,object_detection/test_image/3_mp4-60083-1.jpg
1,object_detection/test_image/3_mp4-219416-2.jpg
1,object_detection/test_image/3_mp4-95750-4.jpg
1,object_detection/test_image/3_mp4-99750-0.jpg
1,object_detection/test_image/3_mp4-66750-2.jpg
1,object_detection/test_image/3_mp4-206416-1.jpg
1,object_detection/test_image/3_mp4-239083-1.jpg
1,object_detection/test_image/3_mp4-131416-0.jpg
1,object_detection/test_image/3_mp4-125750-1.jpg
1,object_detection/test_image/3_mp4-181750-0.jpg
1,object_detection/test_image/3_mp4-47750-1.jpg
1,object_detection/test_image/3_mp4-122750-2.jpg
1,object_detection/test_image/3_mp4-106750-0.jpg
1,object_detection/test_image/3_mp4-81083-2.jpg
1,object_detection/test_image/3_mp4-134750-0.jpg
1,object_detection/test_image/3_mp4-149750-2.jpg
1,object_detection/test_image/3_mp4-229416-0.jpg
1,object_detection/test_image/3_mp4-10750-1.jpg
1,object_detection/test_image/3_mp4-57750-0.jpg
1,object_detection/test_image/3_mp4-90750-1.jpg
1,object_detection/test_image/3_mp4-215083-1.jpg
1,object_detection/test_image/3_mp4-150416-0.jpg
1,object_detection/test_image/3_mp4-31750-0.jpg
1,object_detection/test_image/3_mp4-240416-0.jpg
1,object_detection/test_image/3_mp4-104083-2.jpg
1,object_detection/test_image/3_mp4-167416-1.jpg
1,object_detection/test_image/3_mp4-19750-0.jpg
1,object_detection/test_image/3_mp4-171416-1.jpg
1,object_detection/test_image/3_mp4-142083-2.jpg
1,object_detection/test_image/3_mp4-138416-0.jpg
1,object_detection/test_image/3_mp4-95750-2.jpg
1,object_detection/test_image/3_mp4-192750-2.jpg
1,object_detection/test_image/3_mp4-69083-2.jpg
1,object_detection/test_image/3_mp4-21750-1.jpg
1,object_detection/test_image/3_mp4-229750-0.jpg
1,object_detection/test_image/3_mp4-2416-2.jpg
1,object_detection/test_image/3_mp4-11750-0.jpg
1,object_detection/test_image/3_mp4-226750-1.jpg
1,object_detection/test_image/3_mp4-162083-1.jpg
1,object_detection/test_image/3_mp4-247083-2.jpg
1,object_detection/test_image/3_mp4-222083-0.jpg
1,object_detection/test_image/3_mp4-231083-0.jpg
1,object_detection/test_image/3_mp4-242750-3.jpg
1,object_detection/test_image/3_mp4-246083-1.jpg
1,object_detection/test_image/3_mp4-34750-1.jpg
1,object_detection/test_image/3_mp4-129083-1.jpg
1,object_detection/test_image/3_mp4-100083-0.jpg
1,object_detection/test_image/3_mp4-209416-0.jpg
1,object_detection/test_image/3_mp4-116750-0.jpg
1,object_detection/test_image/3_mp4-3750-3.jpg
1,object_detection/test_image/3_mp4-10416-3.jpg
1,object_detection/test_image/3_mp4-157416-2.jpg
1,object_detection/test_image/3_mp4-45750-2.jpg
1,object_detection/test_image/3_mp4-235083-1.jpg
1,object_detection/test_image/3_mp4-97083-0.jpg
1,object_detection/test_image/3_mp4-123083-0.jpg
1,object_detection/test_image/3_mp4-197416-0.jpg
1,object_detection/test_image/3_mp4-11416-1.jpg
1,object_detection/test_image/3_mp4-91083-0.jpg
1,object_detection/test_image/3_mp4-57083-1.jpg
1,object_detection/test_image/3_mp4-91750-0.jpg
1,object_detection/test_image/3_mp4-41083-1.jpg
1,object_detection/test_image/3_mp4-239750-0.jpg
1,object_detection/test_image/3_mp4-178416-2.jpg
1,object_detection/test_image/3_mp4-135083-0.jpg
1,object_detection/test_image/3_mp4-43416-2.jpg
1,object_detection/test_image/3_mp4-20416-1.jpg
1,object_detection/test_image/3_mp4-237083-0.jpg
1,object_detection/test_image/3_mp4-25750-1.jpg
1,object_detection/test_image/3_mp4-156750-1.jpg
1,object_detection/test_image/3_mp4-10416-2.jpg
1,object_detection/test_image/3_mp4-172083-1.jpg
1,object_detection/test_image/3_mp4-187750-1.jpg
1,object_detection/test_image/3_mp4-167750-0.jpg
1,object_detection/test_image/3_mp4-25416-2.jpg
1,object_detection/test_image/3_mp4-97416-3.jpg
1,object_detection/test_image/3_mp4-244083-0.jpg
1,object_detection/test_image/3_mp4-153083-1.jpg
1,object_detection/test_image/3_mp4-5750-2.jpg
1,object_detection/test_image/3_mp4-44416-1.jpg
1,object_detection/test_image/3_mp4-27750-0.jpg
1,object_detection/test_image/3_mp4-85750-0.jpg
1,object_detection/test_image/3_mp4-123750-1.jpg
1,object_detection/test_image/3_mp4-241083-1.jpg
1,object_detection/test_image/3_mp4-246416-2.jpg
1,object_detection/test_image/3_mp4-188750-3.jpg
1,object_detection/test_image/3_mp4-194416-0.jpg
1,object_detection/test_image/3_mp4-35750-1.jpg
1,object_detection/test_image/3_mp4-39416-1.jpg
1,object_detection/test_image/3_mp4-212083-0.jpg
1,object_detection/test_image/3_mp4-241750-1.jpg
1,object_detection/test_image/3_mp4-2750-1.jpg
1,object_detection/test_image/3_mp4-69750-1.jpg
1,object_detection/test_image/3_mp4-64083-0.jpg
1,object_detection/test_image/3_mp4-35416-3.jpg
1,object_detection/test_image/3_mp4-138750-0.jpg
1,object_detection/test_image/3_mp4-238750-2.jpg
1,object_detection/test_image/3_mp4-67416-1.jpg
1,object_detection/test_image/3_mp4-243416-1.jpg
1,object_detection/test_image/3_mp4-186083-0.jpg
1,object_detection/test_image/3_mp4-14083-0.jpg
1,object_detection/test_image/3_mp4-29083-0.jpg
1,object_detection/test_image/3_mp4-39416-0.jpg
1,object_detection/test_image/3_mp4-99416-1.jpg
1,object_detection/test_image/3_mp4-172750-1.jpg
1,object_detection/test_image/3_mp4-175416-0.jpg
1,object_detection/test_image/3_mp4-8416-0.jpg
1,object_detection/test_image/3_mp4-162416-0.jpg
1,object_detection/test_image/3_mp4-248083-1.jpg
1,object_detection/test_image/3_mp4-143750-1.jpg
1,object_detection/test_image/3_mp4-64750-1.jpg
1,object_detection/test_image/3_mp4-159083-3.jpg
1,object_detection/test_image/3_mp4-210750-0.jpg
1,object_detection/test_image/3_mp4-119750-0.jpg
1,object_detection/test_image/3_mp4-212750-0.jpg
1,object_detection/test_image/3_mp4-4750-3.jpg
1,object_detection/test_image/3_mp4-214750-1.jpg
1,object_detection/test_image/3_mp4-169083-1.jpg
1,object_detection/test_image/3_mp4-59083-1.jpg
1,object_detection/test_image/3_mp4-82416-1.jpg
1,object_detection/test_image/3_mp4-202083-1.jpg
1,object_detection/test_image/3_mp4-73416-0.jpg
1,object_detection/test_image/3_mp4-124750-2.jpg
1,object_detection/test_image/3_mp4-219416-0.jpg
1,object_detection/test_image/3_mp4-127083-1.jpg
1,object_detection/test_image/3_mp4-225750-1.jpg
1,object_detection/test_image/3_mp4-87083-0.jpg
1,object_detection/test_image/3_mp4-11083-3.jpg
1,object_detection/test_image/3_mp4-121416-0.jpg
1,object_detection/test_image/3_mp4-246083-4.jpg
1,object_detection/test_image/3_mp4-142416-1.jpg
1,object_detection/test_image/3_mp4-248416-0.jpg
1,object_detection/test_image/3_mp4-11750-2.jpg
1,object_detection/test_image/3_mp4-126083-2.jpg
1,object_detection/test_image/3_mp4-45416-1.jpg
1,object_detection/test_image/3_mp4-142750-0.jpg
1,object_detection/test_image/3_mp4-69083-1.jpg
1,object_detection/test_image/3_mp4-102416-2.jpg
1,object_detection/test_image/3_mp4-209083-2.jpg
1,object_detection/test_image/3_mp4-183083-0.jpg
1,object_detection/test_image/3_mp4-7083-3.jpg
1,object_detection/test_image/3_mp4-197416-1.jpg
1,object_detection/test_image/3_mp4-170750-0.jpg
1,object_detection/test_image/3_mp4-136083-0.jpg
1,object_detection/test_image/3_mp4-65416-2.jpg
1,object_detection/test_image/3_mp4-166416-0.jpg
1,object_detection/test_image/3_mp4-152083-0.jpg
1,object_detection/test_image/3_mp4-126416-2.jpg
1,object_detection/test_image/3_mp4-134083-1.jpg
1,object_detection/test_image/3_mp4-218750-2.jpg
1,object_detection/test_image/3_mp4-113750-0.jpg
1,object_detection/test_image/3_mp4-104750-0.jpg
1,object_detection/test_image/3_mp4-48416-1.jpg
1,object_detection/test_image/3_mp4-133750-0.jpg
1,object_detection/test_image/3_mp4-123416-1.jpg
1,object_detection/test_image/3_mp4-27416-0.jpg
1,object_detection/test_image/3_mp4-35083-1.jpg
1,object_detection/test_image/3_mp4-91750-1.jpg
1,object_detection/test_image/3_mp4-31083-0.jpg
1,object_detection/test_image/3_mp4-166416-1.jpg
1,object_detection/test_image/3_mp4-105750-0.jpg
1,object_detection/test_image/3_mp4-244083-2.jpg
1,object_detection/test_image/3_mp4-50083-1.jpg
1,object_detection/test_image/3_mp4-10750-5.jpg
1,object_detection/test_image/3_mp4-179083-3.jpg
1,object_detection/test_image/3_mp4-204750-0.jpg
1,object_detection/test_image/3_mp4-75750-0.jpg
1,object_detection/test_image/3_mp4-61083-1.jpg
1,object_detection/test_image/3_mp4-187416-2.jpg
1,object_detection/test_image/3_mp4-199416-1.jpg
1,object_detection/test_image/3_mp4-71416-2.jpg
1,object_detection/test_image/3_mp4-236083-0.jpg
1,object_detection/test_image/3_mp4-8416-2.jpg
1,object_detection/test_image/3_mp4-172750-0.jpg
1,object_detection/test_image/3_mp4-91750-2.jpg
1,object_detection/test_image/3_mp4-221750-2.jpg
1,object_detection/test_image/3_mp4-2083-1.jpg
1,object_detection/test_image/3_mp4-189416-1.jpg
1,object_detection/test_image/3_mp4-33083-1.jpg
1,object_detection/test_image/3_mp4-96416-1.jpg
1,object_detection/test_image/3_mp4-172416-0.jpg
1,object_detection/test_image/3_mp4-241416-3.jpg
1,object_detection/test_image/3_mp4-173083-0.jpg
1,object_detection/test_image/3_mp4-39750-2.jpg
1,object_detection/test_image/3_mp4-148083-0.jpg
1,object_detection/test_image/3_mp4-68416-1.jpg
1,object_detection/test_image/3_mp4-212416-0.jpg
1,object_detection/test_image/3_mp4-62750-0.jpg
1,object_detection/test_image/3_mp4-248750-2.jpg
1,object_detection/test_image/3_mp4-207750-1.jpg
1,object_detection/test_image/3_mp4-5750-3.jpg
1,object_detection/test_image/3_mp4-205083-1.jpg
1,object_detection/test_image/3_mp4-59083-0.jpg
1,object_detection/test_image/3_mp4-89083-0.jpg
1,object_detection/test_image/3_mp4-130083-0.jpg
1,object_detection/test_image/3_mp4-124083-0.jpg
1,object_detection/test_image/3_mp4-173750-0.jpg
1,object_detection/test_image/3_mp4-225083-0.jpg
1,object_detection/test_image/3_mp4-148083-2.jpg
1,object_detection/test_image/3_mp4-107750-1.jpg
1,object_detection/test_image/3_mp4-108750-0.jpg
1,object_detection/test_image/3_mp4-76083-0.jpg
1,object_detection/test_image/3_mp4-241750-2.jpg
1,object_detection/test_image/3_mp4-82416-0.jpg
1,object_detection/test_image/3_mp4-77083-0.jpg
1,object_detection/test_image/3_mp4-211416-1.jpg
1,object_detection/test_image/3_mp4-215750-0.jpg
1,object_detection/test_image/3_mp4-132083-0.jpg
1,object_detection/test_image/3_mp4-33416-1.jpg
1,object_detection/test_image/3_mp4-28083-0.jpg
1,object_detection/test_image/3_mp4-12750-0.jpg
1,object_detection/test_image/3_mp4-58083-1.jpg
1,object_detection/test_image/3_mp4-143083-0.jpg
1,object_detection/test_image/3_mp4-114750-0.jpg
1,object_detection/test_image/3_mp4-6083-0.jpg
1,object_detection/test_image/3_mp4-65416-1.jpg
1,object_detection/test_image/3_mp4-151750-2.jpg
1,object_detection/test_image/3_mp4-191416-1.jpg
1,object_detection/test_image/3_mp4-154416-1.jpg
1,object_detection/test_image/3_mp4-168416-1.jpg
1,object_detection/test_image/3_mp4-141416-1.jpg
1,object_detection/test_image/3_mp4-243416-0.jpg
1,object_detection/test_image/3_mp4-3416-1.jpg
1,object_detection/test_image/3_mp4-201083-1.jpg
1,object_detection/test_image/3_mp4-89083-1.jpg
1,object_detection/test_image/3_mp4-166083-0.jpg
1,object_detection/test_image/3_mp4-205416-1.jpg
1,object_detection/test_image/3_mp4-121416-1.jpg
1,object_detection/test_image/3_mp4-102750-0.jpg
1,object_detection/test_image/3_mp4-62416-0.jpg
1,object_detection/test_image/3_mp4-240083-3.jpg
1,object_detection/test_image/3_mp4-178750-0.jpg
1,object_detection/test_image/3_mp4-227083-0.jpg
1,object_detection/test_image/3_mp4-243750-1.jpg
1,object_detection/test_image/3_mp4-135416-2.jpg
1,object_detection/test_image/3_mp4-115083-0.jpg
1,object_detection/test_image/3_mp4-11083-2.jpg
1,object_detection/test_image/3_mp4-56416-1.jpg
1,object_detection/test_image/3_mp4-223416-1.jpg
1,object_detection/test_image/3_mp4-244416-3.jpg
1,object_detection/test_image/3_mp4-152416-1.jpg
1,object_detection/test_image/3_mp4-2416-1.jpg
1,object_detection/test_image/3_mp4-126416-1.jpg
1,object_detection/test_image/3_mp4-144416-0.jpg
1,object_detection/test_image/3_mp4-59416-0.jpg
1,object_detection/test_image/3_mp4-147083-0.jpg
1,object_detection/test_image/3_mp4-15750-1.jpg
1,object_detection/test_image/3_mp4-213083-1.jpg
1,object_detection/test_image/3_mp4-193083-1.jpg
1,object_detection/test_image/3_mp4-19416-0.jpg
1,object_detection/test_image/3_mp4-175083-0.jpg
1,object_detection/test_image/3_mp4-150750-0.jpg
1,object_detection/test_image/3_mp4-249750-1.jpg
1,object_detection/test_image/3_mp4-250750-0.jpg
1,object_detection/test_image/3_mp4-216750-3.jpg
1,object_detection/test_image/3_mp4-177416-0.jpg
1,object_detection/test_image/3_mp4-148083-1.jpg
1,object_detection/test_image/3_mp4-18083-2.jpg
1,object_detection/test_image/3_mp4-56750-1.jpg
1,object_detection/test_image/3_mp4-221083-0.jpg
1,object_detection/test_image/3_mp4-177750-1.jpg
1,object_detection/test_image/3_mp4-50416-0.jpg
1,object_detection/test_image/3_mp4-174083-1.jpg
1,object_detection/test_image/3_mp4-240750-2.jpg
1,object_detection/test_image/3_mp4-196416-0.jpg
1,object_detection/test_image/3_mp4-95416-0.jpg
1,object_detection/test_image/3_mp4-44416-2.jpg
1,object_detection/test_image/3_mp4-12416-1.jpg
1,object_detection/test_image/3_mp4-7083-1.jpg
1,object_detection/test_image/3_mp4-112416-0.jpg
1,object_detection/test_image/3_mp4-111083-0.jpg
1,object_detection/test_image/3_mp4-127083-2.jpg
1,object_detection/test_image/3_mp4-189750-1.jpg
1,object_detection/test_image/3_mp4-26083-0.jpg
1,object_detection/test_image/3_mp4-40083-1.jpg
1,object_detection/test_image/3_mp4-3416-3.jpg
1,object_detection/test_image/3_mp4-174750-0.jpg
1,object_detection/test_image/3_mp4-81083-1.jpg
1,object_detection/test_image/3_mp4-190416-2.jpg
1,object_detection/test_image/3_mp4-204416-1.jpg
1,object_detection/test_image/3_mp4-237083-2.jpg
1,object_detection/test_image/3_mp4-77750-1.jpg
1,object_detection/test_image/3_mp4-178416-0.jpg
1,object_detection/test_image/3_mp4-240416-2.jpg
1,object_detection/test_image/3_mp4-210750-1.jpg
1,object_detection/test_image/3_mp4-99416-2.jpg
1,object_detection/test_image/3_mp4-108750-1.jpg
1,object_detection/test_image/3_mp4-10750-3.jpg
1,object_detection/test_image/3_mp4-245750-0.jpg
1,object_detection/test_image/3_mp4-102083-0.jpg
1,object_detection/test_image/3_mp4-189416-0.jpg
1,object_detection/test_image/3_mp4-17083-1.jpg
1,object_detection/test_image/3_mp4-40416-0.jpg
1,object_detection/test_image/3_mp4-220750-1.jpg
1,object_detection/test_image/3_mp4-123083-1.jpg
1,object_detection/test_image/3_mp4-125750-2.jpg
1,object_detection/test_image/3_mp4-242416-3.jpg
1,object_detection/test_image/3_mp4-416-0.jpg
1,object_detection/test_image/3_mp4-177416-1.jpg
1,object_detection/test_image/3_mp4-151083-0.jpg
1,object_detection/test_image/3_mp4-151750-0.jpg
1,object_detection/test_image/3_mp4-32416-2.jpg
1,object_detection/test_image/3_mp4-32083-1.jpg
1,object_detection/test_image/3_mp4-33416-2.jpg
1,object_detection/test_image/3_mp4-28416-0.jpg
1,object_detection/test_image/3_mp4-151750-1.jpg
1,object_detection/test_image/3_mp4-230083-0.jpg
1,object_detection/test_image/3_mp4-53416-0.jpg
1,object_detection/test_image/3_mp4-203416-1.jpg
1,object_detection/test_image/3_mp4-96750-2.jpg
1,object_detection/test_image/3_mp4-209416-1.jpg
1,object_detection/test_image/3_mp4-84416-1.jpg
1,object_detection/test_image/3_mp4-129083-0.jpg
1,object_detection/test_image/3_mp4-250416-0.jpg
1,object_detection/test_image/3_mp4-123750-2.jpg
1,object_detection/test_image/3_mp4-10416-1.jpg
1,object_detection/test_image/3_mp4-86416-0.jpg
1,object_detection/test_image/3_mp4-56083-1.jpg
1,object_detection/test_image/3_mp4-121750-0.jpg
1,object_detection/test_image/3_mp4-138416-2.jpg
1,object_detection/test_image/3_mp4-60416-0.jpg
1,object_detection/test_image/3_mp4-57416-1.jpg
1,object_detection/test_image/3_mp4-216083-0.jpg
1,object_detection/test_image/3_mp4-169750-0.jpg
1,object_detection/test_image/3_mp4-199416-0.jpg
1,object_detection/test_image/3_mp4-182083-0.jpg
1,object_detection/test_image/3_mp4-216750-1.jpg
1,object_detection/test_image/3_mp4-126750-1.jpg
1,object_detection/test_image/3_mp4-152083-2.jpg
1,object_detection/test_image/3_mp4-208416-3.jpg
1,object_detection/test_image/3_mp4-79083-0.jpg
1,object_detection/test_image/3_mp4-161083-1.jpg
1,object_detection/test_image/3_mp4-133416-0.jpg
1,object_detection/test_image/3_mp4-113083-0.jpg
1,object_detection/test_image/3_mp4-191416-0.jpg
1,object_detection/test_image/3_mp4-9083-1.jpg
1,object_detection/test_image/3_mp4-159083-2.jpg
1,object_detection/test_image/3_mp4-194750-0.jpg
1,object_detection/test_image/3_mp4-193416-1.jpg
1,object_detection/test_image/3_mp4-249083-1.jpg
1,object_detection/test_image/3_mp4-18083-0.jpg
1,object_detection/test_image/3_mp4-58750-0.jpg
1,object_detection/test_image/3_mp4-217083-1.jpg
1,object_detection/test_image/3_mp4-88083-2.jpg
1,object_detection/test_image/3_mp4-32750-1.jpg
1,object_detection/test_image/3_mp4-5750-5.jpg
1,object_detection/test_image/3_mp4-34083-0.jpg
1,object_detection/test_image/3_mp4-226416-1.jpg
1,object_detection/test_image/3_mp4-179416-1.jpg
1,object_detection/test_image/3_mp4-219416-1.jpg
1,object_detection/test_image/3_mp4-206750-0.jpg
1,object_detection/test_image/3_mp4-220416-2.jpg
1,object_detection/test_image/3_mp4-30416-0.jpg
1,object_detection/test_image/3_mp4-221750-0.jpg
1,object_detection/test_image/3_mp4-198750-2.jpg
1,object_detection/test_image/3_mp4-228750-0.jpg
1,object_detection/test_image/3_mp4-37750-0.jpg
1,object_detection/test_image/3_mp4-213750-0.jpg
1,object_detection/test_image/3_mp4-98083-2.jpg
1,object_detection/test_image/3_mp4-248750-1.jpg
1,object_detection/test_image/3_mp4-193083-0.jpg
1,object_detection/test_image/3_mp4-133416-1.jpg
1,object_detection/test_image/3_mp4-34750-2.jpg
1,object_detection/test_image/3_mp4-134083-2.jpg
1,object_detection/test_image/3_mp4-230416-0.jpg
1,object_detection/test_image/3_mp4-43750-0.jpg
1,object_detection/test_image/3_mp4-48750-0.jpg
1,object_detection/test_image/3_mp4-240416-3.jpg
1,object_detection/test_image/3_mp4-101750-1.jpg
1,object_detection/test_image/3_mp4-26750-0.jpg
1,object_detection/test_image/3_mp4-87416-0.jpg
1,object_detection/test_image/3_mp4-8416-1.jpg
1,object_detection/test_image/3_mp4-243416-4.jpg
1,object_detection/test_image/3_mp4-39083-1.jpg
1,object_detection/test_image/3_mp4-29750-0.jpg
1,object_detection/test_image/3_mp4-93416-0.jpg
1,object_detection/test_image/3_mp4-26416-1.jpg
1,object_detection/test_image/3_mp4-164750-1.jpg
1,object_detection/test_image/3_mp4-159083-1.jpg
1,object_detection/test_image/3_mp4-209750-0.jpg
1,object_detection/test_image/3_mp4-247416-1.jpg
1,object_detection/test_image/3_mp4-6083-2.jpg
1,object_detection/test_image/3_mp4-110416-1.jpg
1,object_detection/test_image/3_mp4-189750-0.jpg
1,object_detection/test_image/3_mp4-162416-1.jpg
1,object_detection/test_image/3_mp4-225750-0.jpg
1,object_detection/test_image/3_mp4-9416-2.jpg
1,object_detection/test_image/3_mp4-144083-0.jpg
1,object_detection/test_image/3_mp4-122083-1.jpg
1,object_detection/test_image/3_mp4-212083-1.jpg
1,object_detection/test_image/3_mp4-220750-0.jpg
1,object_detection/test_image/3_mp4-193416-2.jpg
1,object_detection/test_image/3_mp4-147416-1.jpg
1,object_detection/test_image/3_mp4-144416-1.jpg
1,object_detection/test_image/3_mp4-94750-1.jpg
1,object_detection/test_image/3_mp4-97083-2.jpg
1,object_detection/test_image/3_mp4-75416-0.jpg
1,object_detection/test_image/3_mp4-137083-1.jpg
1,object_detection/test_image/3_mp4-214416-0.jpg
1,object_detection/test_image/3_mp4-143416-0.jpg
1,object_detection/test_image/3_mp4-12750-2.jpg
1,object_detection/test_image/3_mp4-178750-1.jpg
1,object_detection/test_image/3_mp4-1416-1.jpg
1,object_detection/test_image/3_mp4-224750-0.jpg
1,object_detection/test_image/3_mp4-146083-0.jpg
1,object_detection/test_image/3_mp4-151416-0.jpg
1,object_detection/test_image/3_mp4-237083-1.jpg
1,object_detection/test_image/3_mp4-108083-1.jpg
1,object_detection/test_image/3_mp4-10750-2.jpg
1,object_detection/test_image/3_mp4-41083-0.jpg
1,object_detection/test_image/3_mp4-184750-0.jpg
1,object_detection/test_image/3_mp4-78083-0.jpg
1,object_detection/test_image/3_mp4-170416-0.jpg
1,object_detection/test_image/3_mp4-167416-0.jpg
1,object_detection/test_image/3_mp4-149750-1.jpg
1,object_detection/test_image/3_mp4-238750-3.jpg
1,object_detection/test_image/3_mp4-71416-1.jpg
1,object_detection/test_image/3_mp4-68083-2.jpg
1,object_detection/test_image/3_mp4-36750-0.jpg
1,object_detection/test_image/3_mp4-17083-0.jpg
1,object_detection/test_image/3_mp4-148750-1.jpg
1,object_detection/test_image/3_mp4-86083-0.jpg
1,object_detection/test_image/3_mp4-242083-0.jpg
1,object_detection/test_image/3_mp4-19750-1.jpg
1,object_detection/test_image/3_mp4-152750-2.jpg
1,object_detection/test_image/3_mp4-139416-0.jpg
1,object_detection/test_image/3_mp4-108416-0.jpg
1,object_detection/test_image/3_mp4-228416-0.jpg
1,object_detection/test_image/3_mp4-219083-2.jpg
1,object_detection/test_image/3_mp4-40083-0.jpg
1,object_detection/test_image/3_mp4-229750-1.jpg
1,object_detection/test_image/3_mp4-8083-3.jpg
1,object_detection/test_image/3_mp4-169750-2.jpg
1,object_detection/test_image/3_mp4-161083-0.jpg
1,object_detection/test_image/3_mp4-10083-2.jpg
1,object_detection/test_image/3_mp4-220416-1.jpg
1,object_detection/test_image/3_mp4-250083-0.jpg
1,object_detection/test_image/3_mp4-4083-0.jpg
1,object_detection/test_image/3_mp4-3083-2.jpg
1,object_detection/test_image/3_mp4-249416-1.jpg
1,object_detection/test_image/3_mp4-209416-2.jpg
1,object_detection/test_image/3_mp4-10750-0.jpg
1,object_detection/test_image/3_mp4-45416-0.jpg
1,object_detection/test_image/3_mp4-54416-0.jpg
1,object_detection/test_image/3_mp4-238750-1.jpg
1,object_detection/test_image/3_mp4-54750-1.jpg
1,object_detection/test_image/3_mp4-205750-0.jpg
1,object_detection/test_image/3_mp4-125416-1.jpg
1,object_detection/test_image/3_mp4-244750-3.jpg
1,object_detection/test_image/3_mp4-246083-0.jpg
1,object_detection/test_image/3_mp4-107416-1.jpg
1,object_detection/test_image/3_mp4-122416-0.jpg
1,object_detection/test_image/3_mp4-219750-1.jpg
1,object_detection/test_image/3_mp4-125750-0.jpg
1,object_detection/test_image/3_mp4-149416-0.jpg
1,object_detection/test_image/3_mp4-195416-2.jpg
1,object_detection/test_image/3_mp4-66750-1.jpg
1,object_detection/test_image/3_mp4-237750-2.jpg
1,object_detection/test_image/3_mp4-163750-1.jpg
1,object_detection/test_image/3_mp4-68416-0.jpg
1,object_detection/test_image/3_mp4-188083-0.jpg
1,object_detection/test_image/3_mp4-138083-2.jpg
1,object_detection/test_image/3_mp4-192083-2.jpg
1,object_detection/test_image/3_mp4-223083-1.jpg
1,object_detection/test_image/3_mp4-199083-1.jpg
1,object_detection/test_image/3_mp4-239083-0.jpg
1,object_detection/test_image/3_mp4-138416-1.jpg
1,object_detection/test_image/3_mp4-145083-0.jpg
1,object_detection/test_image/3_mp4-238750-0.jpg
1,object_detection/test_image/3_mp4-3416-2.jpg
1,object_detection/test_image/3_mp4-83-1.jpg
1,object_detection/test_image/3_mp4-127750-0.jpg
1,object_detection/test_image/3_mp4-16083-0.jpg
1,object_detection/test_image/3_mp4-35416-2.jpg
1,object_detection/test_image/3_mp4-49750-0.jpg
1,object_detection/test_image/3_mp4-173416-0.jpg
1,object_detection/test_image/3_mp4-126083-1.jpg
1,object_detection/test_image/3_mp4-48750-1.jpg
1,object_detection/test_image/3_mp4-127416-2.jpg
1,object_detection/test_image/3_mp4-35083-0.jpg
1,object_detection/test_image/3_mp4-9416-0.jpg
1,object_detection/test_image/3_mp4-228416-1.jpg
1,object_detection/test_image/3_mp4-245083-0.jpg
1,object_detection/test_image/3_mp4-185083-0.jpg
1,object_detection/test_image/3_mp4-101416-0.jpg
1,object_detection/test_image/3_mp4-12083-1.jpg
1,object_detection/test_image/3_mp4-36083-1.jpg
1,object_detection/test_image/3_mp4-7083-0.jpg
1,object_detection/test_image/3_mp4-166750-1.jpg
1,object_detection/test_image/3_mp4-92083-2.jpg
1,object_detection/test_image/3_mp4-27750-1.jpg
1,object_detection/test_image/3_mp4-236750-0.jpg
1,object_detection/test_image/3_mp4-245083-1.jpg
1,object_detection/test_image/3_mp4-199750-0.jpg
1,object_detection/test_image/3_mp4-95416-3.jpg
1,object_detection/test_image/3_mp4-206416-0.jpg
1,object_detection/test_image/3_mp4-247416-0.jpg
1,object_detection/test_image/3_mp4-123750-0.jpg
1,object_detection/test_image/3_mp4-85083-1.jpg
1,object_detection/test_image/3_mp4-169416-0.jpg
1,object_detection/test_image/3_mp4-42083-0.jpg
1,object_detection/test_image/3_mp4-15750-0.jpg
1,object_detection/test_image/3_mp4-111750-0.jpg
1,object_detection/test_image/3_mp4-94750-2.jpg
1,object_detection/test_image/3_mp4-247083-0.jpg
1,object_detection/test_image/3_mp4-172083-0.jpg
1,object_detection/test_image/3_mp4-154750-0.jpg
1,object_detection/test_image/3_mp4-232750-0.jpg
1,object_detection/test_image/3_mp4-204416-2.jpg
1,object_detection/test_image/3_mp4-162750-1.jpg
1,object_detection/test_image/3_mp4-11750-1.jpg
1,object_detection/test_image/3_mp4-133083-0.jpg
1,object_detection/test_image/3_mp4-124083-2.jpg
1,object_detection/test_image/3_mp4-63083-0.jpg
1,object_detection/test_image/3_mp4-238416-0.jpg
1,object_detection/test_image/3_mp4-48083-0.jpg
1,object_detection/test_image/3_mp4-66750-0.jpg
1,object_detection/test_image/3_mp4-148750-0.jpg
1,object_detection/test_image/3_mp4-152750-0.jpg
1,object_detection/test_image/3_mp4-110750-1.jpg
1,object_detection/test_image/3_mp4-169750-1.jpg
1,object_detection/test_image/3_mp4-156416-0.jpg
1,object_detection/test_image/3_mp4-25083-0.jpg
1,object_detection/test_image/3_mp4-76750-0.jpg
1,object_detection/test_image/3_mp4-188750-2.jpg
1,object_detection/test_image/3_mp4-140750-0.jpg
1,object_detection/test_image/3_mp4-218750-0.jpg
1,object_detection/test_image/3_mp4-245416-2.jpg
1,object_detection/test_image/3_mp4-17416-1.jpg
1,object_detection/test_image/3_mp4-196083-1.jpg
1,object_detection/test_image/3_mp4-190416-0.jpg
1,object_detection/test_image/3_mp4-6083-1.jpg
1,object_detection/test_image/3_mp4-144416-2.jpg
1,object_detection/test_image/3_mp4-22416-1.jpg
1,object_detection/test_image/3_mp4-170750-2.jpg
1,object_detection/test_image/3_mp4-244750-4.jpg
1,object_detection/test_image/3_mp4-245416-4.jpg
1,object_detection/test_image/3_mp4-83750-0.jpg
1,object_detection/test_image/3_mp4-226416-0.jpg
1,object_detection/test_image/3_mp4-61416-0.jpg
1,object_detection/test_image/3_mp4-131083-1.jpg
1,object_detection/test_image/3_mp4-157750-1.jpg
1,object_detection/test_image/3_mp4-54083-2.jpg
1,object_detection/test_image/3_mp4-69416-1.jpg
1,object_detection/test_image/3_mp4-162083-3.jpg
1,object_detection/test_image/3_mp4-36750-2.jpg
1,object_detection/test_image/3_mp4-147416-2.jpg
1,object_detection/test_image/3_mp4-22750-0.jpg
1,object_detection/test_image/3_mp4-245083-3.jpg
1,object_detection/test_image/3_mp4-242750-4.jpg
1,object_detection/test_image/3_mp4-140416-1.jpg
1,object_detection/test_image/3_mp4-11750-3.jpg
1,object_detection/test_image/3_mp4-191750-0.jpg
1,object_detection/test_image/3_mp4-102416-0.jpg
1,object_detection/test_image/3_mp4-196750-1.jpg
1,object_detection/test_image/3_mp4-200416-0.jpg
1,object_detection/test_image/3_mp4-152416-2.jpg
1,object_detection/test_image/3_mp4-242416-2.jpg
1,object_detection/test_image/3_mp4-108083-2.jpg
1,object_detection/test_image/3_mp4-210416-1.jpg
1,object_detection/test_image/3_mp4-207083-2.jpg
1,object_detection/test_image/3_mp4-63750-0.jpg
1,object_detection/test_image/3_mp4-25750-0.jpg
1,object_detection/test_image/3_mp4-67083-0.jpg
1,object_detection/test_image/3_mp4-63083-1.jpg
1,object_detection/test_image/3_mp4-216750-2.jpg
1,object_detection/test_image/3_mp4-88416-0.jpg
1,object_detection/test_image/3_mp4-21750-0.jpg
1,object_detection/test_image/3_mp4-18083-1.jpg
1,object_detection/test_image/3_mp4-234750-0.jpg
1,object_detection/test_image/3_mp4-38416-0.jpg
1,object_detection/test_image/3_mp4-94416-0.jpg
1,object_detection/test_image/3_mp4-34083-1.jpg
1,object_detection/test_image/3_mp4-222750-1.jpg
1,object_detection/test_image/3_mp4-242416-1.jpg
1,object_detection/test_image/3_mp4-20083-2.jpg
1,object_detection/test_image/3_mp4-109416-1.jpg
1,object_detection/test_image/3_mp4-194083-1.jpg
1,object_detection/test_image/3_mp4-240083-2.jpg
1,object_detection/test_image/3_mp4-11750-4.jpg
1,object_detection/test_image/3_mp4-176416-0.jpg
1,object_detection/test_image/3_mp4-121083-0.jpg
1,object_detection/test_image/3_mp4-121750-1.jpg
1,object_detection/test_image/3_mp4-158083-2.jpg
1,object_detection/test_image/3_mp4-157416-0.jpg
1,object_detection/test_image/3_mp4-221083-1.jpg
1,object_detection/test_image/3_mp4-135750-1.jpg
1,object_detection/test_image/3_mp4-93083-0.jpg
1,object_detection/test_image/3_mp4-126416-0.jpg
1,object_detection/test_image/3_mp4-3750-2.jpg
1,object_detection/test_image/3_mp4-248083-2.jpg
1,object_detection/test_image/3_mp4-240083-1.jpg
1,object_detection/test_image/3_mp4-4416-1.jpg
1,object_detection/test_image/3_mp4-237750-0.jpg
1,object_detection/test_image/3_mp4-55750-0.jpg
1,object_detection/test_image/3_mp4-60416-1.jpg
1,object_detection/test_image/3_mp4-216416-0.jpg
1,object_detection/test_image/3_mp4-164083-2.jpg
1,object_detection/test_image/3_mp4-34416-0.jpg
1,object_detection/test_image/3_mp4-190750-0.jpg
1,object_detection/test_image/3_mp4-93750-1.jpg
1,object_detection/test_image/3_mp4-3750-0.jpg
1,object_detection/test_image/3_mp4-239416-1.jpg
1,object_detection/test_image/3_mp4-66416-0.jpg
1,object_detection/test_image/3_mp4-9750-0.jpg
1,object_detection/test_image/3_mp4-218083-1.jpg
1,object_detection/test_image/3_mp4-4083-1.jpg
1,object_detection/test_image/3_mp4-7083-2.jpg
1,object_detection/test_image/3_mp4-6750-2.jpg
1,object_detection/test_image/3_mp4-147750-0.jpg
1,object_detection/test_image/3_mp4-158750-0.jpg
1,object_detection/test_image/3_mp4-32083-2.jpg
1,object_detection/test_image/3_mp4-249416-2.jpg
1,object_detection/test_image/3_mp4-177750-0.jpg
1,object_detection/test_image/3_mp4-236416-0.jpg
1,object_detection/test_image/3_mp4-7750-1.jpg
1,object_detection/test_image/3_mp4-66083-2.jpg
1,object_detection/test_image/3_mp4-201416-0.jpg
1,object_detection/test_image/3_mp4-190083-0.jpg
1,object_detection/test_image/3_mp4-13416-0.jpg
1,object_detection/test_image/3_mp4-246750-2.jpg
1,object_detection/test_image/3_mp4-47416-1.jpg
1,object_detection/test_image/3_mp4-157083-1.jpg
1,object_detection/test_image/3_mp4-81750-1.jpg
1,object_detection/test_image/3_mp4-236416-1.jpg
1,object_detection/test_image/3_mp4-248083-0.jpg
1,object_detection/test_image/3_mp4-245750-1.jpg
1,object_detection/test_image/3_mp4-201083-0.jpg
1,object_detection/test_image/3_mp4-6083-3.jpg
1,object_detection/test_image/3_mp4-247750-3.jpg
1,object_detection/test_image/3_mp4-220416-0.jpg
1,object_detection/test_image/3_mp4-81083-0.jpg
1,object_detection/test_image/3_mp4-60750-0.jpg
1,object_detection/test_image/3_mp4-93416-1.jpg
1,object_detection/test_image/3_mp4-229083-1.jpg
1,object_detection/test_image/3_mp4-82416-2.jpg
1,object_detection/test_image/3_mp4-222750-3.jpg
1,object_detection/test_image/3_mp4-217750-0.jpg
1,object_detection/test_image/3_mp4-205083-0.jpg
1,object_detection/test_image/3_mp4-183750-0.jpg
1,object_detection/test_image/3_mp4-6083-4.jpg
1,object_detection/test_image/3_mp4-110416-2.jpg
1,object_detection/test_image/3_mp4-50083-2.jpg
1,object_detection/test_image/3_mp4-68083-0.jpg
1,object_detection/test_image/3_mp4-222083-1.jpg
1,object_detection/test_image/3_mp4-219083-0.jpg
1,object_detection/test_image/3_mp4-69750-0.jpg
1,object_detection/test_image/3_mp4-192416-2.jpg
1,object_detection/test_image/3_mp4-241416-5.jpg
1,object_detection/test_image/3_mp4-134416-3.jpg
1,object_detection/test_image/3_mp4-7416-3.jpg
1,object_detection/test_image/3_mp4-10750-4.jpg
1,object_detection/test_image/3_mp4-243083-4.jpg
1,object_detection/test_image/3_mp4-110416-0.jpg
1,object_detection/test_image/3_mp4-244083-3.jpg
1,object_detection/test_image/3_mp4-187083-1.jpg
1,object_detection/test_image/3_mp4-167083-1.jpg
1,object_detection/test_image/3_mp4-227416-0.jpg
1,object_detection/test_image/3_mp4-214083-1.jpg
1,object_detection/test_image/3_mp4-90750-0.jpg
1,object_detection/test_image/3_mp4-152750-1.jpg
1,object_detection/test_image/3_mp4-241416-0.jpg
1,object_detection/test_image/3_mp4-207750-2.jpg
1,object_detection/test_image/3_mp4-136083-2.jpg
1,object_detection/test_image/3_mp4-163750-2.jpg
1,object_detection/test_image/3_mp4-47416-2.jpg
1,object_detection/test_image/3_mp4-136750-1.jpg
1,object_detection/test_image/3_mp4-178416-3.jpg
1,object_detection/test_image/3_mp4-5416-0.jpg
1,object_detection/test_image/3_mp4-137083-0.jpg
1,object_detection/test_image/3_mp4-72750-0.jpg
1,object_detection/test_image/3_mp4-242416-5.jpg
1,object_detection/test_image/3_mp4-87750-1.jpg
1,object_detection/test_image/3_mp4-208750-1.jpg
1,object_detection/test_image/3_mp4-110083-2.jpg
1,object_detection/test_image/3_mp4-139750-2.jpg
1,object_detection/test_image/3_mp4-188750-1.jpg
1,object_detection/test_image/3_mp4-232416-0.jpg
1,object_detection/test_image/3_mp4-97416-2.jpg
1,object_detection/test_image/3_mp4-205416-0.jpg
1,object_detection/test_image/3_mp4-190083-2.jpg
1,object_detection/test_image/3_mp4-193750-1.jpg
1,object_detection/test_image/3_mp4-240416-1.jpg
1,object_detection/test_image/3_mp4-120416-0.jpg
1,object_detection/test_image/3_mp4-160083-1.jpg
1,object_detection/test_image/3_mp4-158416-2.jpg
1,object_detection/test_image/3_mp4-171750-1.jpg
1,object_detection/test_image/3_mp4-155083-0.jpg
1,object_detection/test_image/3_mp4-249083-0.jpg
1,object_detection/test_image/3_mp4-80083-0.jpg
1,object_detection/test_image/3_mp4-223083-0.jpg
1,object_detection/test_image/3_mp4-62750-1.jpg
1,object_detection/test_image/3_mp4-70750-0.jpg
1,object_detection/test_image/3_mp4-85083-0.jpg
1,object_detection/test_image/3_mp4-202750-0.jpg
1,object_detection/test_image/3_mp4-9750-1.jpg
1,object_detection/test_image/3_mp4-185416-1.jpg
1,object_detection/test_image/3_mp4-166750-0.jpg
1,object_detection/test_image/3_mp4-61083-0.jpg
1,object_detection/test_image/3_mp4-93083-1.jpg
1,object_detection/test_image/3_mp4-226083-0.jpg
1,object_detection/test_image/3_mp4-8083-4.jpg
1,object_detection/test_image/3_mp4-141083-0.jpg
1,object_detection/test_image/3_mp4-165083-0.jpg
1,object_detection/test_image/3_mp4-57083-0.jpg
1,object_detection/test_image/3_mp4-156750-2.jpg
1,object_detection/test_image/3_mp4-223750-1.jpg
1,object_detection/test_image/3_mp4-236083-1.jpg
1,object_detection/test_image/3_mp4-88750-0.jpg
1,object_detection/test_image/3_mp4-8083-1.jpg
1,object_detection/test_image/3_mp4-124750-0.jpg
1,object_detection/test_image/3_mp4-176750-0.jpg
1,object_detection/test_image/3_mp4-220083-1.jpg
1,object_detection/test_image/3_mp4-190416-1.jpg
1,object_detection/test_image/3_mp4-77750-0.jpg
1,object_detection/test_image/3_mp4-158083-1.jpg
1,object_detection/test_image/3_mp4-245083-2.jpg
1,object_detection/test_image/3_mp4-110750-0.jpg
1,object_detection/test_image/3_mp4-159416-1.jpg
1,object_detection/test_image/3_mp4-201750-0.jpg
1,object_detection/test_image/3_mp4-242750-5.jpg
1,object_detection/test_image/3_mp4-191750-1.jpg
1,object_detection/test_image/3_mp4-193750-0.jpg
1,object_detection/test_image/3_mp4-49416-1.jpg
1,object_detection/test_image/3_mp4-208750-0.jpg
1,object_detection/test_image/3_mp4-71750-1.jpg
1,object_detection/test_image/3_mp4-50750-0.jpg
1,object_detection/test_image/3_mp4-90416-0.jpg
1,object_detection/test_image/3_mp4-12416-2.jpg
1,object_detection/test_image/3_mp4-226750-0.jpg
1,object_detection/test_image/3_mp4-127416-0.jpg
1,object_detection/test_image/3_mp4-155083-1.jpg
1,object_detection/test_image/3_mp4-38083-0.jpg
1,object_detection/test_image/3_mp4-242416-4.jpg
1,object_detection/test_image/3_mp4-209416-3.jpg
1,object_detection/test_image/3_mp4-161416-1.jpg
1,object_detection/test_image/3_mp4-7416-2.jpg
1,object_detection/test_image/3_mp4-197750-2.jpg
1,object_detection/test_image/3_mp4-1750-0.jpg
1,object_detection/test_image/3_mp4-128750-0.jpg
1,object_detection/test_image/3_mp4-95416-1.jpg
1,object_detection/test_image/3_mp4-247083-1.jpg
1,object_detection/test_image/3_mp4-247750-1.jpg
1,object_detection/test_image/3_mp4-197750-1.jpg
1,object_detection/test_image/3_mp4-238083-3.jpg
1,object_detection/test_image/3_mp4-103083-0.jpg
1,object_detection/test_image/3_mp4-104083-1.jpg
1,object_detection/test_image/3_mp4-206083-0.jpg
1,object_detection/test_image/3_mp4-208416-1.jpg
1,object_detection/test_image/3_mp4-204750-2.jpg
1,object_detection/test_image/3_mp4-76750-1.jpg
1,object_detection/test_image/3_mp4-179416-3.jpg
1,object_detection/test_image/3_mp4-204083-3.jpg
1,object_detection/test_image/3_mp4-246416-3.jpg
1,object_detection/test_image/3_mp4-101083-0.jpg
1,object_detection/test_image/3_mp4-174416-0.jpg
1,object_detection/test_image/3_mp4-14416-0.jpg
1,object_detection/test_image/3_mp4-25416-1.jpg
1,object_detection/test_image/3_mp4-44750-0.jpg
1,object_detection/test_image/3_mp4-26416-0.jpg
1,object_detection/test_image/3_mp4-156083-0.jpg
1,object_detection/test_image/3_mp4-68416-2.jpg
1,object_detection/test_image/3_mp4-56750-0.jpg
1,object_detection/test_image/3_mp4-66083-1.jpg
1,object_detection/test_image/3_mp4-241750-4.jpg
1,object_detection/test_image/3_mp4-30750-0.jpg
1,object_detection/test_image/3_mp4-46416-0.jpg
1,object_detection/test_image/3_mp4-216083-1.jpg
1,object_detection/test_image/3_mp4-92750-2.jpg
1,object_detection/test_image/3_mp4-250416-1.jpg
1,object_detection/test_image/3_mp4-49750-1.jpg
1,object_detection/test_image/3_mp4-64750-2.jpg
1,object_detection/test_image/3_mp4-70750-2.jpg
1,object_detection/test_image/3_mp4-117083-0.jpg
1,object_detection/test_image/3_mp4-95416-2.jpg
1,object_detection/test_image/3_mp4-39750-0.jpg
1,object_detection/test_image/3_mp4-128416-0.jpg
1,object_detection/test_image/3_mp4-123750-3.jpg
1,object_detection/test_image/3_mp4-185750-0.jpg
1,object_detection/test_image/3_mp4-159750-1.jpg
1,object_detection/test_image/3_mp4-96750-1.jpg
1,object_detection/test_image/3_mp4-209083-1.jpg
1,object_detection/test_image/3_mp4-61416-1.jpg
1,object_detection/test_image/3_mp4-180750-0.jpg
1,object_detection/test_image/3_mp4-160416-0.jpg
1,object_detection/test_image/3_mp4-4416-0.jpg
1,object_detection/test_image/3_mp4-236750-1.jpg
1,object_detection/test_image/3_mp4-51750-0.jpg
1,object_detection/test_image/3_mp4-36416-0.jpg
1,object_detection/test_image/3_mp4-60083-0.jpg
1,object_detection/test_image/3_mp4-208750-3.jpg
1,object_detection/test_image/3_mp4-195083-2.jpg
1,object_detection/test_image/3_mp4-209750-1.jpg
1,object_detection/test_image/3_mp4-10083-0.jpg
1,object_detection/test_image/3_mp4-149750-0.jpg
1,object_detection/test_image/3_mp4-104750-1.jpg
1,object_detection/test_image/3_mp4-162083-2.jpg
1,object_detection/test_image/3_mp4-123416-2.jpg
1,object_detection/test_image/3_mp4-57416-0.jpg
1,object_detection/test_image/3_mp4-207750-0.jpg
1,object_detection/test_image/3_mp4-5083-4.jpg
1,object_detection/test_image/3_mp4-73750-1.jpg
1,object_detection/test_image/3_mp4-3750-1.jpg
1,object_detection/test_image/3_mp4-60750-2.jpg
1,object_detection/test_image/3_mp4-241083-0.jpg
1,object_detection/test_image/3_mp4-93416-2.jpg
1,object_detection/test_image/3_mp4-2416-0.jpg
1,object_detection/test_image/3_mp4-125416-0.jpg
1,object_detection/test_image/3_mp4-240083-0.jpg
1,object_detection/test_image/3_mp4-92416-0.jpg
1,object_detection/test_image/3_mp4-109083-0.jpg
1,object_detection/test_image/3_mp4-216416-1.jpg
1,object_detection/test_image/3_mp4-238416-1.jpg
1,object_detection/test_image/3_mp4-112083-0.jpg
1,object_detection/test_image/3_mp4-3083-1.jpg
1,object_detection/test_image/3_mp4-84083-0.jpg
1,object_detection/test_image/3_mp4-176083-1.jpg
1,object_detection/test_image/3_mp4-178083-1.jpg
1,object_detection/test_image/3_mp4-58083-0.jpg
1,object_detection/test_image/3_mp4-41750-1.jpg
1,object_detection/test_image/3_mp4-57750-1.jpg
1,object_detection/test_image/3_mp4-207083-1.jpg
1,object_detection/test_image/3_mp4-198083-1.jpg
1,object_detection/test_image/3_mp4-45083-2.jpg
1,object_detection/test_image/3_mp4-249750-0.jpg
1,object_detection/test_image/3_mp4-50750-1.jpg
1,object_detection/test_image/3_mp4-83416-0.jpg
1,object_detection/test_image/3_mp4-232083-0.jpg
1,object_detection/test_image/3_mp4-750-0.jpg
1,object_detection/test_image/3_mp4-31750-1.jpg
1,object_detection/test_image/3_mp4-53416-1.jpg
1,object_detection/test_image/3_mp4-247750-2.jpg
1,object_detection/test_image/3_mp4-46416-1.jpg
1,object_detection/test_image/3_mp4-32750-0.jpg
1,object_detection/test_image/3_mp4-6750-1.jpg
1,object_detection/test_image/3_mp4-78750-0.jpg
1,object_detection/test_image/3_mp4-62416-1.jpg
1,object_detection/test_image/3_mp4-146083-1.jpg
1,object_detection/test_image/3_mp4-85416-0.jpg
1,object_detection/test_image/3_mp4-17083-2.jpg
1,object_detection/test_image/3_mp4-124416-0.jpg
1,object_detection/test_image/3_mp4-52416-0.jpg
1,object_detection/test_image/3_mp4-209083-0.jpg
1,object_detection/test_image/3_mp4-140416-0.jpg
1,object_detection/test_image/3_mp4-118750-0.jpg
1,object_detection/test_image/3_mp4-135083-1.jpg
1,object_detection/test_image/3_mp4-204083-2.jpg
1,object_detection/test_image/3_mp4-36416-2.jpg
1,object_detection/test_image/3_mp4-168750-1.jpg
1,object_detection/test_image/3_mp4-150416-1.jpg
1,object_detection/test_image/3_mp4-17416-0.jpg
1,object_detection/test_image/3_mp4-25416-0.jpg
1,object_detection/test_image/3_mp4-217083-0.jpg
1,object_detection/test_image/3_mp4-92416-2.jpg
1,object_detection/test_image/3_mp4-241750-0.jpg
1,object_detection/test_image/3_mp4-154083-0.jpg
1,object_detection/test_image/3_mp4-189750-3.jpg
1,object_detection/test_image/3_mp4-179083-0.jpg
1,object_detection/test_image/3_mp4-243083-5.jpg
1,object_detection/test_image/3_mp4-24083-0.jpg
1,object_detection/test_image/3_mp4-5416-2.jpg
1,object_detection/test_image/3_mp4-155750-0.jpg
1,object_detection/test_image/3_mp4-250750-1.jpg
1,object_detection/test_image/3_mp4-8750-0.jpg
1,object_detection/test_image/3_mp4-112750-0.jpg
1,object_detection/test_image/3_mp4-171416-0.jpg
1,object_detection/test_image/3_mp4-6416-0.jpg
1,object_detection/test_image/3_mp4-206083-1.jpg
1,object_detection/test_image/3_mp4-80416-0.jpg
1,object_detection/test_image/3_mp4-189083-0.jpg
1,object_detection/test_image/3_mp4-136750-2.jpg
1,object_detection/test_image/3_mp4-159083-0.jpg
1,object_detection/test_image/3_mp4-100416-0.jpg
1,object_detection/test_image/3_mp4-139083-1.jpg
1,object_detection/test_image/3_mp4-179416-2.jpg
1,object_detection/test_image/3_mp4-42750-2.jpg
1,object_detection/test_image/3_mp4-157750-2.jpg
1,object_detection/test_image/3_mp4-215416-0.jpg
1,object_detection/test_image/3_mp4-8750-2.jpg
1,object_detection/test_image/3_mp4-243750-2.jpg
1,object_detection/test_image/3_mp4-142750-1.jpg
1,object_detection/test_image/3_mp4-71416-0.jpg
1,object_detection/test_image/3_mp4-158750-1.jpg
1,object_detection/test_image/3_mp4-3416-0.jpg
1,object_detection/test_image/3_mp4-13083-0.jpg
1,object_detection/test_image/3_mp4-217750-1.jpg
1,object_detection/test_image/3_mp4-164083-1.jpg
1,object_detection/test_image/3_mp4-77416-0.jpg
1,object_detection/test_image/3_mp4-75750-1.jpg
1,object_detection/test_image/3_mp4-117750-0.jpg
1,object_detection/test_image/3_mp4-168750-0.jpg
1,object_detection/test_image/3_mp4-750-1.jpg
1,object_detection/test_image/3_mp4-250083-1.jpg
1,object_detection/test_image/3_mp4-236083-2.jpg
1,object_detection/test_image/3_mp4-71083-1.jpg
1,object_detection/test_image/3_mp4-7750-6.jpg
1,object_detection/test_image/3_mp4-92083-1.jpg
1,object_detection/test_image/3_mp4-105416-1.jpg
