1,/home/sunrise/project/tensorflow/object_detection/test_image/0-0.jpg,83.33333333333333,0.08862563,0.17657736,0.24744901,0.52480936
1,/home/sunrise/project/tensorflow/object_detection/test_image/0-1.jpg,83.33333333333333,0.01215902,0.08766501,0.26080993,0.5194757
1,/home/sunrise/project/tensorflow/object_detection/test_image/10-0.jpg,916.6666666666666,0.18354183,0.26669604,0.25497818,0.52082247
1,/home/sunrise/project/tensorflow/object_detection/test_image/10-1.jpg,916.6666666666666,0.1342531,0.23291712,0.26513427,0.5354323
1,/home/sunrise/project/tensorflow/object_detection/test_image/10-2.jpg,916.6666666666666,0.118456855,0.19597076,0.25821024,0.54176676
1,/home/sunrise/project/tensorflow/object_detection/test_image/20-0.jpg,1750.0,0.07843302,0.18838702,0.26603496,0.6039668
1,/home/sunrise/project/tensorflow/object_detection/test_image/20-1.jpg,1750.0,0.29998064,0.36793345,0.25130135,0.5270744
1,/home/sunrise/project/tensorflow/object_detection/test_image/30-0.jpg,2583.3333333333335,0.35897082,0.4425931,0.25750148,0.54240006
1,/home/sunrise/project/tensorflow/object_detection/test_image/30-1.jpg,2583.3333333333335,0.21037069,0.28173664,0.27404076,0.6040197
1,/home/sunrise/project/tensorflow/object_detection/test_image/30-2.jpg,2583.3333333333335,0.31714562,0.39505574,0.27736586,0.54245293
1,/home/sunrise/project/tensorflow/object_detection/test_image/40-0.jpg,3416.6666666666665,0.47229767,0.5379931,0.20980516,0.49011013
1,/home/sunrise/project/tensorflow/object_detection/test_image/40-1.jpg,3416.6666666666665,0.32996386,0.4111247,0.22781743,0.54609483
1,/home/sunrise/project/tensorflow/object_detection/test_image/40-2.jpg,3416.6666666666665,0.0,0.032587595,0.25756598,0.48377967
1,/home/sunrise/project/tensorflow/object_detection/test_image/40-3.jpg,3416.6666666666665,0.10222825,0.1790505,0.23474954,0.5113172
1,/home/sunrise/project/tensorflow/object_detection/test_image/50-0.jpg,4250.0,0.41926575,0.50738597,0.1743381,0.5012928
1,/home/sunrise/project/tensorflow/object_detection/test_image/50-1.jpg,4250.0,0.5728385,0.6446504,0.16784635,0.44376495
1,/home/sunrise/project/tensorflow/object_detection/test_image/50-2.jpg,4250.0,0.5274035,0.5935619,0.17661768,0.45099562
1,/home/sunrise/project/tensorflow/object_detection/test_image/50-3.jpg,4250.0,0.006982187,0.06489199,0.18712793,0.4617507
1,/home/sunrise/project/tensorflow/object_detection/test_image/60-0.jpg,5083.333333333333,0.634882,0.7124406,0.19014706,0.46464556
1,/home/sunrise/project/tensorflow/object_detection/test_image/60-1.jpg,5083.333333333333,0.2752113,0.35888126,0.18690212,0.47503
1,/home/sunrise/project/tensorflow/object_detection/test_image/60-2.jpg,5083.333333333333,0.03488367,0.1341264,0.22506836,0.46706358
1,/home/sunrise/project/tensorflow/object_detection/test_image/60-3.jpg,5083.333333333333,0.536536,0.61227787,0.18954168,0.50068307
1,/home/sunrise/project/tensorflow/object_detection/test_image/60-4.jpg,5083.333333333333,0.08136082,0.16077206,0.21694434,0.4724279
1,/home/sunrise/project/tensorflow/object_detection/test_image/70-0.jpg,5916.666666666667,0.7386385,0.81734097,0.19064021,0.46495795
1,/home/sunrise/project/tensorflow/object_detection/test_image/70-1.jpg,5916.666666666667,0.19622722,0.27875385,0.22240494,0.48465246
1,/home/sunrise/project/tensorflow/object_detection/test_image/70-2.jpg,5916.666666666667,0.6322085,0.7169693,0.19406015,0.51512617
1,/home/sunrise/project/tensorflow/object_detection/test_image/70-3.jpg,5916.666666666667,0.38432914,0.45096433,0.20286189,0.49293703
1,/home/sunrise/project/tensorflow/object_detection/test_image/70-4.jpg,5916.666666666667,0.66381556,0.72964936,0.1977107,0.49789095
1,/home/sunrise/project/tensorflow/object_detection/test_image/80-0.jpg,6750.0,0.8354531,0.89524347,0.21563087,0.49088627
1,/home/sunrise/project/tensorflow/object_detection/test_image/80-1.jpg,6750.0,0.7911147,0.8601508,0.21765351,0.49562132
1,/home/sunrise/project/tensorflow/object_detection/test_image/80-2.jpg,6750.0,0.48541313,0.5510121,0.20952863,0.52045244
1,/home/sunrise/project/tensorflow/object_detection/test_image/90-0.jpg,7583.333333333333,0.5581225,0.63763666,0.2026663,0.50923115
1,/home/sunrise/project/tensorflow/object_detection/test_image/90-1.jpg,7583.333333333333,0.8432522,0.9205104,0.20130081,0.5133447
1,/home/sunrise/project/tensorflow/object_detection/test_image/90-2.jpg,7583.333333333333,0.89928174,0.9724628,0.20705344,0.48967767
1,/home/sunrise/project/tensorflow/object_detection/test_image/90-3.jpg,7583.333333333333,0.079101294,0.17872632,0.21756451,0.5081269
1,/home/sunrise/project/tensorflow/object_detection/test_image/90-4.jpg,7583.333333333333,0.92521334,0.9958985,0.20249762,0.47201616
1,/home/sunrise/project/tensorflow/object_detection/test_image/100-0.jpg,8416.666666666666,0.13893184,0.2360147,0.21721588,0.5121902
1,/home/sunrise/project/tensorflow/object_detection/test_image/100-1.jpg,8416.666666666666,0.39282092,0.47438523,0.23042282,0.48429564
1,/home/sunrise/project/tensorflow/object_detection/test_image/100-2.jpg,8416.666666666666,0.66374725,0.733018,0.20185049,0.49500722
1,/home/sunrise/project/tensorflow/object_detection/test_image/100-3.jpg,8416.666666666666,0.48278466,0.54513335,0.2213714,0.49109995
1,/home/sunrise/project/tensorflow/object_detection/test_image/110-0.jpg,9250.0,0.5810454,0.6658809,0.2211517,0.481768
1,/home/sunrise/project/tensorflow/object_detection/test_image/110-1.jpg,9250.0,0.75527537,0.84033394,0.21579614,0.49787924
1,/home/sunrise/project/tensorflow/object_detection/test_image/110-2.jpg,9250.0,0.25972128,0.33529025,0.2019205,0.48663735
1,/home/sunrise/project/tensorflow/object_detection/test_image/110-3.jpg,9250.0,0.017970186,0.087440625,0.22977962,0.54253227
1,/home/sunrise/project/tensorflow/object_detection/test_image/120-0.jpg,10083.333333333334,0.11605533,0.22523722,0.21928379,0.5557381
1,/home/sunrise/project/tensorflow/object_detection/test_image/120-1.jpg,10083.333333333334,0.5827554,0.6629203,0.2274651,0.4727043
1,/home/sunrise/project/tensorflow/object_detection/test_image/120-2.jpg,10083.333333333334,0.32803693,0.41760632,0.19310944,0.5120394
1,/home/sunrise/project/tensorflow/object_detection/test_image/120-3.jpg,10083.333333333334,0.70870495,0.7670716,0.21531704,0.48706588
1,/home/sunrise/project/tensorflow/object_detection/test_image/120-4.jpg,10083.333333333334,0.8729474,0.93077904,0.19531788,0.49820113
1,/home/sunrise/project/tensorflow/object_detection/test_image/130-0.jpg,10916.666666666666,0.44170892,0.5073795,0.18520498,0.50155836
1,/home/sunrise/project/tensorflow/object_detection/test_image/130-1.jpg,10916.666666666666,0.9522392,1.0,0.1987325,0.49408978
1,/home/sunrise/project/tensorflow/object_detection/test_image/130-2.jpg,10916.666666666666,0.8180809,0.88223565,0.21818326,0.48880208
1,/home/sunrise/project/tensorflow/object_detection/test_image/130-3.jpg,10916.666666666666,0.69346005,0.74658257,0.2134407,0.4648648
1,/home/sunrise/project/tensorflow/object_detection/test_image/140-0.jpg,11750.0,0.7207634,0.79676074,0.21431853,0.4704848
1,/home/sunrise/project/tensorflow/object_detection/test_image/140-1.jpg,11750.0,0.30222583,0.39300263,0.19492018,0.51355135
1,/home/sunrise/project/tensorflow/object_detection/test_image/140-2.jpg,11750.0,0.21710756,0.29787335,0.20041095,0.4865322
1,/home/sunrise/project/tensorflow/object_detection/test_image/140-3.jpg,11750.0,0.8582559,0.95324165,0.20911527,0.47020006
1,/home/sunrise/project/tensorflow/object_detection/test_image/140-4.jpg,11750.0,0.46885833,0.5504333,0.16322967,0.49422422
1,/home/sunrise/project/tensorflow/object_detection/test_image/150-0.jpg,12583.333333333334,0.30596736,0.38927975,0.19394124,0.49291128
1,/home/sunrise/project/tensorflow/object_detection/test_image/150-1.jpg,12583.333333333334,0.5282644,0.6044365,0.16127802,0.47608006
1,/home/sunrise/project/tensorflow/object_detection/test_image/150-2.jpg,12583.333333333334,0.36024535,0.4384811,0.1839052,0.5145226
1,/home/sunrise/project/tensorflow/object_detection/test_image/150-3.jpg,12583.333333333334,0.8025319,0.8662285,0.1957591,0.4582126
1,/home/sunrise/project/tensorflow/object_detection/test_image/150-4.jpg,12583.333333333334,0.9228131,0.9980472,0.17202125,0.4337371
1,/home/sunrise/project/tensorflow/object_detection/test_image/160-0.jpg,13416.666666666666,0.11173869,0.20410737,0.13576363,0.42154992
1,/home/sunrise/project/tensorflow/object_detection/test_image/170-0.jpg,14250.0,0.19040054,0.28318703,0.14000033,0.43774474
1,/home/sunrise/project/tensorflow/object_detection/test_image/170-1.jpg,14250.0,0.8309575,0.8881863,0.156736,0.4110934
1,/home/sunrise/project/tensorflow/object_detection/test_image/180-0.jpg,15083.333333333334,0.7219714,0.7938435,0.1795763,0.42292982
1,/home/sunrise/project/tensorflow/object_detection/test_image/180-1.jpg,15083.333333333334,0.36522973,0.45296556,0.17484218,0.45754611
1,/home/sunrise/project/tensorflow/object_detection/test_image/180-2.jpg,15083.333333333334,0.29265252,0.3664631,0.17194885,0.4439339
1,/home/sunrise/project/tensorflow/object_detection/test_image/190-0.jpg,15916.666666666666,0.4914872,0.5607398,0.17520866,0.46256414
1,/home/sunrise/project/tensorflow/object_detection/test_image/190-1.jpg,15916.666666666666,0.63511825,0.6915753,0.16602053,0.41647106
1,/home/sunrise/project/tensorflow/object_detection/test_image/190-2.jpg,15916.666666666666,0.4043267,0.46396366,0.15851656,0.44434455
1,/home/sunrise/project/tensorflow/object_detection/test_image/200-0.jpg,16750.0,0.49914467,0.5839125,0.16304848,0.43772444
1,/home/sunrise/project/tensorflow/object_detection/test_image/210-0.jpg,17583.333333333332,0.43059117,0.51159954,0.1702649,0.41344106
1,/home/sunrise/project/tensorflow/object_detection/test_image/210-1.jpg,17583.333333333332,0.7312343,0.8304409,0.18609788,0.4568221
1,/home/sunrise/project/tensorflow/object_detection/test_image/220-0.jpg,18416.666666666668,0.69512147,0.7754087,0.15511173,0.43091297
1,/home/sunrise/project/tensorflow/object_detection/test_image/230-0.jpg,19250.0,0.8280315,0.89570874,0.15795437,0.44732466
1,/home/sunrise/project/tensorflow/object_detection/test_image/240-0.jpg,20083.333333333332,0.41740197,0.49663925,0.16013138,0.41067165
1,/home/sunrise/project/tensorflow/object_detection/test_image/240-1.jpg,20083.333333333332,0.014257651,0.08241883,0.17050782,0.41112694
1,/home/sunrise/project/tensorflow/object_detection/test_image/240-2.jpg,20083.333333333332,0.13377693,0.20542645,0.17661469,0.40751666
1,/home/sunrise/project/tensorflow/object_detection/test_image/250-0.jpg,20916.666666666668,0.084937945,0.17666845,0.1935915,0.4230475
1,/home/sunrise/project/tensorflow/object_detection/test_image/250-1.jpg,20916.666666666668,0.031159937,0.12438978,0.1883522,0.41740677
1,/home/sunrise/project/tensorflow/object_detection/test_image/260-0.jpg,21750.0,0.19885501,0.2709471,0.15612458,0.42442667
1,/home/sunrise/project/tensorflow/object_detection/test_image/260-1.jpg,21750.0,0.74506676,0.8352262,0.19485283,0.42428464
1,/home/sunrise/project/tensorflow/object_detection/test_image/270-0.jpg,22583.333333333332,0.31812948,0.40326178,0.16187169,0.41890436
1,/home/sunrise/project/tensorflow/object_detection/test_image/280-0.jpg,23416.666666666668,0.41356227,0.47247544,0.14882302,0.396132
1,/home/sunrise/project/tensorflow/object_detection/test_image/290-0.jpg,24250.0,0.5271703,0.59613824,0.11914252,0.37287736
1,/home/sunrise/project/tensorflow/object_detection/test_image/290-1.jpg,24250.0,0.44060156,0.51005864,0.13061386,0.35550496
1,/home/sunrise/project/tensorflow/object_detection/test_image/300-0.jpg,25083.333333333332,0.6426002,0.7126434,0.15496483,0.4060131
1,/home/sunrise/project/tensorflow/object_detection/test_image/300-1.jpg,25083.333333333332,0.05709757,0.16094299,0.16745988,0.51724863
1,/home/sunrise/project/tensorflow/object_detection/test_image/310-0.jpg,25916.666666666668,0.72849685,0.8092596,0.18039858,0.4276299
1,/home/sunrise/project/tensorflow/object_detection/test_image/310-1.jpg,25916.666666666668,0.25595564,0.3243636,0.184309,0.42411387
1,/home/sunrise/project/tensorflow/object_detection/test_image/320-0.jpg,26750.0,0.8058822,0.89021695,0.1650988,0.44016147
1,/home/sunrise/project/tensorflow/object_detection/test_image/330-0.jpg,27583.333333333332,0.057575867,0.13717578,0.21245004,0.4446031
1,/home/sunrise/project/tensorflow/object_detection/test_image/330-1.jpg,27583.333333333332,0.8411384,0.9008964,0.20707601,0.3773179
1,/home/sunrise/project/tensorflow/object_detection/test_image/340-0.jpg,28416.666666666668,0.59332377,0.66879624,0.2162464,0.4500092
1,/home/sunrise/project/tensorflow/object_detection/test_image/350-0.jpg,29250.0,0.93948716,1.0,0.20154312,0.48527446
1,/home/sunrise/project/tensorflow/object_detection/test_image/360-0.jpg,30083.333333333332,0.8407557,0.90298975,0.1882838,0.49270642
1,/home/sunrise/project/tensorflow/object_detection/test_image/370-0.jpg,30916.666666666668,0.27205887,0.35007665,0.19718996,0.4575326
1,/home/sunrise/project/tensorflow/object_detection/test_image/370-1.jpg,30916.666666666668,0.73127407,0.7956758,0.19630466,0.49364543
1,/home/sunrise/project/tensorflow/object_detection/test_image/380-0.jpg,31750.0,0.62812114,0.68787813,0.21394245,0.5004252
1,/home/sunrise/project/tensorflow/object_detection/test_image/380-1.jpg,31750.0,0.84791046,0.9176156,0.17500009,0.49971825
1,/home/sunrise/project/tensorflow/object_detection/test_image/390-0.jpg,32583.333333333332,0.03793021,0.11838764,0.24260089,0.47787425
1,/home/sunrise/project/tensorflow/object_detection/test_image/390-1.jpg,32583.333333333332,0.7136127,0.7915875,0.19192013,0.4987438
1,/home/sunrise/project/tensorflow/object_detection/test_image/390-2.jpg,32583.333333333332,0.5038134,0.5765668,0.2034835,0.51464576
1,/home/sunrise/project/tensorflow/object_detection/test_image/400-0.jpg,33416.666666666664,0.8741876,0.97124994,0.21463889,0.51978415
1,/home/sunrise/project/tensorflow/object_detection/test_image/400-1.jpg,33416.666666666664,0.40251055,0.47080198,0.21133342,0.509586
1,/home/sunrise/project/tensorflow/object_detection/test_image/400-2.jpg,33416.666666666664,0.6331668,0.70023596,0.20844215,0.49521214
1,/home/sunrise/project/tensorflow/object_detection/test_image/410-0.jpg,34250.0,0.55551994,0.63322246,0.18900576,0.49279138
1,/home/sunrise/project/tensorflow/object_detection/test_image/410-1.jpg,34250.0,0.32923406,0.40267313,0.19156006,0.4910517
1,/home/sunrise/project/tensorflow/object_detection/test_image/410-2.jpg,34250.0,0.76989377,0.84018767,0.20011565,0.5044882
1,/home/sunrise/project/tensorflow/object_detection/test_image/420-0.jpg,35083.333333333336,0.22154608,0.3460715,0.21615492,0.49275094
1,/home/sunrise/project/tensorflow/object_detection/test_image/420-1.jpg,35083.333333333336,0.4801522,0.55625504,0.15839818,0.4990088
1,/home/sunrise/project/tensorflow/object_detection/test_image/430-0.jpg,35916.666666666664,0.38350004,0.5059478,0.22877866,0.5247331
1,/home/sunrise/project/tensorflow/object_detection/test_image/430-1.jpg,35916.666666666664,0.55845386,0.6222381,0.20124686,0.4940614
1,/home/sunrise/project/tensorflow/object_detection/test_image/430-2.jpg,35916.666666666664,0.099270575,0.1604912,0.20097972,0.49151313
1,/home/sunrise/project/tensorflow/object_detection/test_image/440-0.jpg,36750.0,0.29240108,0.37882787,0.15380383,0.46432453
1,/home/sunrise/project/tensorflow/object_detection/test_image/440-1.jpg,36750.0,0.6910777,0.831269,0.21415643,0.5764418
1,/home/sunrise/project/tensorflow/object_detection/test_image/440-2.jpg,36750.0,0.008382414,0.07731436,0.15748045,0.4577686
1,/home/sunrise/project/tensorflow/object_detection/test_image/450-0.jpg,37583.333333333336,0.38192925,0.46219102,0.14279519,0.4327829
1,/home/sunrise/project/tensorflow/object_detection/test_image/460-0.jpg,38416.666666666664,0.13395494,0.20883542,0.14651494,0.44658756
1,/home/sunrise/project/tensorflow/object_detection/test_image/470-0.jpg,39250.0,0.042135663,0.108958505,0.15785442,0.43983507
1,/home/sunrise/project/tensorflow/object_detection/test_image/470-1.jpg,39250.0,0.94530666,1.0,0.15402837,0.46614653
1,/home/sunrise/project/tensorflow/object_detection/test_image/480-0.jpg,40083.333333333336,0.8120695,0.8929098,0.15876268,0.4541505
1,/home/sunrise/project/tensorflow/object_detection/test_image/480-1.jpg,40083.333333333336,0.10595951,0.18436882,0.1683464,0.44558287
1,/home/sunrise/project/tensorflow/object_detection/test_image/490-0.jpg,40916.666666666664,0.7104558,0.7703202,0.16119766,0.4646948
1,/home/sunrise/project/tensorflow/object_detection/test_image/500-0.jpg,41750.0,0.56520534,0.661553,0.17910741,0.47769868
1,/home/sunrise/project/tensorflow/object_detection/test_image/500-1.jpg,41750.0,0.83110595,0.91554475,0.21373954,0.47358474
1,/home/sunrise/project/tensorflow/object_detection/test_image/510-0.jpg,42583.333333333336,0.05264804,0.15399703,0.21852899,0.50769836
1,/home/sunrise/project/tensorflow/object_detection/test_image/510-1.jpg,42583.333333333336,0.4530391,0.5175835,0.18879156,0.48415017
1,/home/sunrise/project/tensorflow/object_detection/test_image/520-0.jpg,43416.666666666664,0.21290159,0.29146934,0.24434313,0.51488924
1,/home/sunrise/project/tensorflow/object_detection/test_image/520-1.jpg,43416.666666666664,0.6081873,0.70463014,0.24205413,0.5023297
1,/home/sunrise/project/tensorflow/object_detection/test_image/520-2.jpg,43416.666666666664,0.32653567,0.41587886,0.2027158,0.507022
1,/home/sunrise/project/tensorflow/object_detection/test_image/540-0.jpg,45083.333333333336,0.40863487,0.4838681,0.24714753,0.5091063
1,/home/sunrise/project/tensorflow/object_detection/test_image/540-1.jpg,45083.333333333336,0.1124254,0.20490049,0.22036436,0.51874137
1,/home/sunrise/project/tensorflow/object_detection/test_image/540-2.jpg,45083.333333333336,0.45430255,0.5481987,0.23606254,0.52314425
1,/home/sunrise/project/tensorflow/object_detection/test_image/550-0.jpg,45916.666666666664,0.6247577,0.7280827,0.25741625,0.5312991
1,/home/sunrise/project/tensorflow/object_detection/test_image/550-1.jpg,45916.666666666664,0.26842067,0.35452095,0.235627,0.5091684
1,/home/sunrise/project/tensorflow/object_detection/test_image/560-0.jpg,46750.0,0.18317066,0.2709757,0.2487596,0.526013
1,/home/sunrise/project/tensorflow/object_detection/test_image/560-1.jpg,46750.0,0.7802667,0.8545361,0.24419147,0.5444481
1,/home/sunrise/project/tensorflow/object_detection/test_image/560-2.jpg,46750.0,0.4012902,0.459545,0.25031358,0.5071998
1,/home/sunrise/project/tensorflow/object_detection/test_image/570-0.jpg,47583.333333333336,0.10412587,0.17769222,0.25110477,0.53372467
1,/home/sunrise/project/tensorflow/object_detection/test_image/570-1.jpg,47583.333333333336,0.93002594,0.9998572,0.24164206,0.55036473
1,/home/sunrise/project/tensorflow/object_detection/test_image/580-0.jpg,48416.666666666664,0.6215535,0.71235627,0.24756867,0.5064222
1,/home/sunrise/project/tensorflow/object_detection/test_image/580-1.jpg,48416.666666666664,0.22466551,0.288554,0.26295248,0.5010231
1,/home/sunrise/project/tensorflow/object_detection/test_image/590-0.jpg,49250.0,0.3154781,0.40294784,0.23938483,0.48459858
1,/home/sunrise/project/tensorflow/object_detection/test_image/590-1.jpg,49250.0,0.7448481,0.82283896,0.23639093,0.49247724
1,/home/sunrise/project/tensorflow/object_detection/test_image/590-2.jpg,49250.0,0.015177865,0.07784885,0.22889715,0.47544885
1,/home/sunrise/project/tensorflow/object_detection/test_image/600-0.jpg,50083.333333333336,0.11112052,0.19097859,0.19400002,0.4602679
1,/home/sunrise/project/tensorflow/object_detection/test_image/600-1.jpg,50083.333333333336,0.44052768,0.50095826,0.20916651,0.46551484
1,/home/sunrise/project/tensorflow/object_detection/test_image/600-2.jpg,50083.333333333336,0.894051,0.95560354,0.18944333,0.46778196
1,/home/sunrise/project/tensorflow/object_detection/test_image/610-0.jpg,50916.666666666664,0.23664224,0.2896369,0.13419695,0.40780985
1,/home/sunrise/project/tensorflow/object_detection/test_image/610-1.jpg,50916.666666666664,0.55532837,0.6239008,0.1659201,0.4134413
1,/home/sunrise/project/tensorflow/object_detection/test_image/620-0.jpg,51750.0,0.6901188,0.763394,0.106743366,0.36865076
1,/home/sunrise/project/tensorflow/object_detection/test_image/620-1.jpg,51750.0,0.33670738,0.4123468,0.09322943,0.3741083
1,/home/sunrise/project/tensorflow/object_detection/test_image/630-0.jpg,52583.333333333336,0.7264308,0.80784035,0.13467862,0.38550085
1,/home/sunrise/project/tensorflow/object_detection/test_image/630-1.jpg,52583.333333333336,0.3939598,0.45198473,0.10816647,0.38202006
1,/home/sunrise/project/tensorflow/object_detection/test_image/640-0.jpg,53416.666666666664,0.4688044,0.5645441,0.12076889,0.40529954
1,/home/sunrise/project/tensorflow/object_detection/test_image/640-1.jpg,53416.666666666664,0.0,0.04111581,0.13377827,0.43765938
1,/home/sunrise/project/tensorflow/object_detection/test_image/640-2.jpg,53416.666666666664,0.85294425,0.9119965,0.14501286,0.40466726
1,/home/sunrise/project/tensorflow/object_detection/test_image/650-0.jpg,54250.0,0.075955376,0.15598439,0.18548672,0.458189
1,/home/sunrise/project/tensorflow/object_detection/test_image/660-0.jpg,55083.333333333336,0.6991139,0.7758623,0.211717,0.48195148
1,/home/sunrise/project/tensorflow/object_detection/test_image/670-0.jpg,55916.666666666664,0.28621972,0.36247098,0.16923992,0.45376444
1,/home/sunrise/project/tensorflow/object_detection/test_image/680-0.jpg,56750.0,0.080109894,0.16465074,0.18070135,0.45770696
1,/home/sunrise/project/tensorflow/object_detection/test_image/680-1.jpg,56750.0,0.41131738,0.46737733,0.1560273,0.4368285
1,/home/sunrise/project/tensorflow/object_detection/test_image/690-0.jpg,57583.333333333336,0.47156322,0.5529133,0.185277,0.4718004
1,/home/sunrise/project/tensorflow/object_detection/test_image/690-1.jpg,57583.333333333336,0.17089632,0.25422084,0.21638714,0.49019253
1,/home/sunrise/project/tensorflow/object_detection/test_image/710-0.jpg,59250.0,0.6445918,0.72830045,0.21933898,0.49840048
1,/home/sunrise/project/tensorflow/object_detection/test_image/710-1.jpg,59250.0,0.39055353,0.4606331,0.20749559,0.49858516
1,/home/sunrise/project/tensorflow/object_detection/test_image/720-0.jpg,60083.333333333336,0.009332199,0.08531295,0.23265797,0.5153561
1,/home/sunrise/project/tensorflow/object_detection/test_image/720-1.jpg,60083.333333333336,0.48868427,0.5763189,0.21557501,0.51426697
1,/home/sunrise/project/tensorflow/object_detection/test_image/720-2.jpg,60083.333333333336,0.74617696,0.8139205,0.23748879,0.5089794
1,/home/sunrise/project/tensorflow/object_detection/test_image/730-0.jpg,60916.666666666664,0.108200125,0.19925281,0.22687477,0.51308864
1,/home/sunrise/project/tensorflow/object_detection/test_image/730-1.jpg,60916.666666666664,0.85320026,0.93628854,0.21167871,0.5125936
1,/home/sunrise/project/tensorflow/object_detection/test_image/740-0.jpg,61750.0,0.7282123,0.8106243,0.24182521,0.5287187
1,/home/sunrise/project/tensorflow/object_detection/test_image/750-0.jpg,62583.333333333336,0.35592034,0.45630828,0.22081174,0.5140523
1,/home/sunrise/project/tensorflow/object_detection/test_image/750-1.jpg,62583.333333333336,0.86047244,0.9268373,0.24069084,0.5286909
1,/home/sunrise/project/tensorflow/object_detection/test_image/750-2.jpg,62583.333333333336,0.10862629,0.17890756,0.21044801,0.51093435
1,/home/sunrise/project/tensorflow/object_detection/test_image/760-0.jpg,63416.666666666664,0.16477785,0.24566057,0.21818097,0.5101634
1,/home/sunrise/project/tensorflow/object_detection/test_image/770-0.jpg,64250.0,0.5798729,0.67342716,0.21992368,0.51493245
1,/home/sunrise/project/tensorflow/object_detection/test_image/780-0.jpg,65083.333333333336,0.6906473,0.755313,0.21276686,0.49153575
1,/home/sunrise/project/tensorflow/object_detection/test_image/780-1.jpg,65083.333333333336,0.85691667,0.9208764,0.22126696,0.481208
1,/home/sunrise/project/tensorflow/object_detection/test_image/790-0.jpg,65916.66666666667,0.36933488,0.43680245,0.19114329,0.48272723
1,/home/sunrise/project/tensorflow/object_detection/test_image/790-1.jpg,65916.66666666667,0.80542266,0.8626543,0.22282366,0.49068022
1,/home/sunrise/project/tensorflow/object_detection/test_image/790-2.jpg,65916.66666666667,0.75307095,0.81537545,0.2223723,0.47827214
1,/home/sunrise/project/tensorflow/object_detection/test_image/800-0.jpg,66750.0,0.9124014,0.9993635,0.20445076,0.48837057
1,/home/sunrise/project/tensorflow/object_detection/test_image/800-1.jpg,66750.0,0.6733677,0.73743266,0.22052325,0.46010208
1,/home/sunrise/project/tensorflow/object_detection/test_image/800-2.jpg,66750.0,0.43814477,0.5221188,0.14976938,0.47772348
1,/home/sunrise/project/tensorflow/object_detection/test_image/810-0.jpg,67583.33333333333,0.85725236,0.9325682,0.19609153,0.4566942
1,/home/sunrise/project/tensorflow/object_detection/test_image/810-1.jpg,67583.33333333333,0.50301015,0.59542465,0.18140432,0.46611145
1,/home/sunrise/project/tensorflow/object_detection/test_image/810-2.jpg,67583.33333333333,0.019700494,0.093707815,0.2156891,0.4687023
1,/home/sunrise/project/tensorflow/object_detection/test_image/820-0.jpg,68416.66666666667,0.12118456,0.18732056,0.20454548,0.46745658
1,/home/sunrise/project/tensorflow/object_detection/test_image/820-1.jpg,68416.66666666667,0.5948237,0.6587666,0.1551295,0.4570483
1,/home/sunrise/project/tensorflow/object_detection/test_image/820-2.jpg,68416.66666666667,0.7729643,0.8408175,0.1562963,0.43074262
1,/home/sunrise/project/tensorflow/object_detection/test_image/830-0.jpg,69250.0,0.15561637,0.23965886,0.19216588,0.46037975
1,/home/sunrise/project/tensorflow/object_detection/test_image/830-1.jpg,69250.0,0.64466786,0.7249819,0.18090262,0.45859963
1,/home/sunrise/project/tensorflow/object_detection/test_image/840-0.jpg,70083.33333333333,0.24068823,0.31849924,0.16194259,0.438834
1,/home/sunrise/project/tensorflow/object_detection/test_image/840-1.jpg,70083.33333333333,0.6982445,0.7739702,0.15567833,0.45447576
1,/home/sunrise/project/tensorflow/object_detection/test_image/850-0.jpg,70916.66666666667,0.33507314,0.41856644,0.16219732,0.44655964
1,/home/sunrise/project/tensorflow/object_detection/test_image/850-1.jpg,70916.66666666667,0.18198726,0.24002025,0.14933988,0.4177123
1,/home/sunrise/project/tensorflow/object_detection/test_image/860-0.jpg,71750.0,0.7443341,0.8267727,0.1556877,0.4112631
1,/home/sunrise/project/tensorflow/object_detection/test_image/860-1.jpg,71750.0,0.061563347,0.13420886,0.16524255,0.41456836
1,/home/sunrise/project/tensorflow/object_detection/test_image/860-2.jpg,71750.0,0.40611643,0.47302276,0.16653667,0.42615408
1,/home/sunrise/project/tensorflow/object_detection/test_image/860-3.jpg,71750.0,0.39331236,0.4521629,0.16656454,0.41393453
1,/home/sunrise/project/tensorflow/object_detection/test_image/870-0.jpg,72583.33333333333,0.5388543,0.60580796,0.20744082,0.4742799
1,/home/sunrise/project/tensorflow/object_detection/test_image/880-0.jpg,73416.66666666667,0.21738626,0.28998128,0.2149978,0.4594842
1,/home/sunrise/project/tensorflow/object_detection/test_image/890-0.jpg,74250.0,0.41123527,0.4992041,0.16531432,0.43831515
1,/home/sunrise/project/tensorflow/object_detection/test_image/900-0.jpg,75083.33333333333,0.046887,0.12249151,0.18690285,0.41884515
1,/home/sunrise/project/tensorflow/object_detection/test_image/900-1.jpg,75083.33333333333,0.82088065,0.8951057,0.16683045,0.44236866
1,/home/sunrise/project/tensorflow/object_detection/test_image/910-0.jpg,75916.66666666667,0.791822,0.8934744,0.07416704,0.36308682
1,/home/sunrise/project/tensorflow/object_detection/test_image/910-1.jpg,75916.66666666667,0.22737674,0.29570663,0.08698712,0.34090412
1,/home/sunrise/project/tensorflow/object_detection/test_image/910-2.jpg,75916.66666666667,0.94232225,1.0,0.051592395,0.33819568
1,/home/sunrise/project/tensorflow/object_detection/test_image/920-0.jpg,76750.0,0.10533835,0.18727939,0.15066014,0.41131783
1,/home/sunrise/project/tensorflow/object_detection/test_image/920-1.jpg,76750.0,0.69405013,0.75445753,0.13793676,0.42848414
1,/home/sunrise/project/tensorflow/object_detection/test_image/930-0.jpg,77583.33333333333,0.58885777,0.6633837,0.2121361,0.48914754
1,/home/sunrise/project/tensorflow/object_detection/test_image/950-0.jpg,79250.0,0.33758086,0.42126375,0.21287897,0.49068603
1,/home/sunrise/project/tensorflow/object_detection/test_image/960-0.jpg,80083.33333333333,0.23985678,0.2933544,0.20649482,0.48979515
1,/home/sunrise/project/tensorflow/object_detection/test_image/970-0.jpg,80916.66666666667,0.072335914,0.14691532,0.2204141,0.48465562
1,/home/sunrise/project/tensorflow/object_detection/test_image/970-1.jpg,80916.66666666667,0.79999006,0.87134504,0.2235078,0.49245185
1,/home/sunrise/project/tensorflow/object_detection/test_image/980-0.jpg,81750.0,0.83212847,0.9153864,0.25360447,0.5343483
1,/home/sunrise/project/tensorflow/object_detection/test_image/980-1.jpg,81750.0,0.733128,0.79271847,0.25193876,0.5105692
1,/home/sunrise/project/tensorflow/object_detection/test_image/990-0.jpg,82583.33333333333,0.78629905,0.86674637,0.2537138,0.5224494
1,/home/sunrise/project/tensorflow/object_detection/test_image/990-1.jpg,82583.33333333333,0.6444716,0.72213465,0.26747102,0.51575375
1,/home/sunrise/project/tensorflow/object_detection/test_image/990-2.jpg,82583.33333333333,0.7222898,0.7929113,0.255635,0.5235747
1,/home/sunrise/project/tensorflow/object_detection/test_image/1000-0.jpg,83416.66666666667,0.67920846,0.7502187,0.26895612,0.53322643
1,/home/sunrise/project/tensorflow/object_detection/test_image/1000-1.jpg,83416.66666666667,0.5792158,0.6530344,0.26321828,0.5420602
1,/home/sunrise/project/tensorflow/object_detection/test_image/1010-0.jpg,84250.0,0.46953183,0.5587885,0.25954717,0.54641765
1,/home/sunrise/project/tensorflow/object_detection/test_image/1020-0.jpg,85083.33333333333,0.3922441,0.4589491,0.26559433,0.5442283
1,/home/sunrise/project/tensorflow/object_detection/test_image/1020-1.jpg,85083.33333333333,0.48155102,0.5588554,0.28692865,0.5496456
1,/home/sunrise/project/tensorflow/object_detection/test_image/1030-0.jpg,85916.66666666667,0.28663474,0.37783223,0.2789765,0.5712881
1,/home/sunrise/project/tensorflow/object_detection/test_image/1050-0.jpg,87583.33333333333,0.08068521,0.17763622,0.2855662,0.5622225
1,/home/sunrise/project/tensorflow/object_detection/test_image/1060-0.jpg,88416.66666666667,0.008439001,0.08251338,0.29157335,0.5594978
1,/home/sunrise/project/tensorflow/object_detection/test_image/1070-0.jpg,89250.0,0.74265814,0.84580755,0.32331228,0.5711955
1,/home/sunrise/project/tensorflow/object_detection/test_image/1090-0.jpg,90916.66666666667,0.9068151,0.9771715,0.29117432,0.5763651
1,/home/sunrise/project/tensorflow/object_detection/test_image/1090-1.jpg,90916.66666666667,0.27493083,0.33511013,0.31399214,0.5542596
1,/home/sunrise/project/tensorflow/object_detection/test_image/1090-2.jpg,90916.66666666667,0.0368274,0.098780334,0.2953708,0.56265414
1,/home/sunrise/project/tensorflow/object_detection/test_image/1100-0.jpg,91750.0,0.8026375,0.8962316,0.3187164,0.59492993
1,/home/sunrise/project/tensorflow/object_detection/test_image/1100-1.jpg,91750.0,0.36859614,0.43257338,0.31406724,0.56466496
1,/home/sunrise/project/tensorflow/object_detection/test_image/1100-2.jpg,91750.0,0.1308765,0.19826622,0.31622654,0.5696568
1,/home/sunrise/project/tensorflow/object_detection/test_image/1110-0.jpg,92583.33333333333,0.7379454,0.8178448,0.2923078,0.57422435
1,/home/sunrise/project/tensorflow/object_detection/test_image/1110-1.jpg,92583.33333333333,0.23729268,0.29137757,0.3142154,0.56405574
1,/home/sunrise/project/tensorflow/object_detection/test_image/1120-0.jpg,93416.66666666667,0.6401788,0.7116685,0.32650942,0.57734823
1,/home/sunrise/project/tensorflow/object_detection/test_image/1120-1.jpg,93416.66666666667,0.30160183,0.37865585,0.29897726,0.57020366
1,/home/sunrise/project/tensorflow/object_detection/test_image/1120-2.jpg,93416.66666666667,0.54158443,0.6003762,0.32351875,0.56552005
1,/home/sunrise/project/tensorflow/object_detection/test_image/1130-0.jpg,94250.0,0.4015263,0.46845958,0.3223001,0.5775726
1,/home/sunrise/project/tensorflow/object_detection/test_image/1130-1.jpg,94250.0,0.020192046,0.107950106,0.32636523,0.6109023
1,/home/sunrise/project/tensorflow/object_detection/test_image/1130-2.jpg,94250.0,0.5915296,0.65198064,0.32269508,0.58753663
1,/home/sunrise/project/tensorflow/object_detection/test_image/1130-3.jpg,94250.0,0.53969145,0.59338534,0.3205992,0.58469635
1,/home/sunrise/project/tensorflow/object_detection/test_image/1130-4.jpg,94250.0,0.60655797,0.6766156,0.32120273,0.581671
1,/home/sunrise/project/tensorflow/object_detection/test_image/1140-0.jpg,95083.33333333333,0.4962293,0.5595721,0.30940682,0.59139156
1,/home/sunrise/project/tensorflow/object_detection/test_image/1140-1.jpg,95083.33333333333,0.41971296,0.4717874,0.31333655,0.58419555
1,/home/sunrise/project/tensorflow/object_detection/test_image/1150-0.jpg,95916.66666666667,0.5778274,0.6598776,0.3316714,0.57712424
1,/home/sunrise/project/tensorflow/object_detection/test_image/1150-1.jpg,95916.66666666667,0.80033463,0.8735823,0.33359197,0.5727037
1,/home/sunrise/project/tensorflow/object_detection/test_image/1150-2.jpg,95916.66666666667,0.1956037,0.2698131,0.32672834,0.61247367
1,/home/sunrise/project/tensorflow/object_detection/test_image/1150-3.jpg,95916.66666666667,0.3340629,0.39142337,0.32729763,0.57422227
1,/home/sunrise/project/tensorflow/object_detection/test_image/1150-4.jpg,95916.66666666667,0.3957164,0.47692445,0.26338723,0.58187604
1,/home/sunrise/project/tensorflow/object_detection/test_image/1160-0.jpg,96750.0,0.9082232,0.9708782,0.32371917,0.56826943
1,/home/sunrise/project/tensorflow/object_detection/test_image/1160-1.jpg,96750.0,0.31042615,0.37483558,0.28382137,0.58947885
1,/home/sunrise/project/tensorflow/object_detection/test_image/1160-2.jpg,96750.0,0.70381075,0.7618955,0.30744612,0.57159865
1,/home/sunrise/project/tensorflow/object_detection/test_image/1170-0.jpg,97583.33333333333,0.79271543,0.8730409,0.3080476,0.57658404
1,/home/sunrise/project/tensorflow/object_detection/test_image/1170-1.jpg,97583.33333333333,0.3909982,0.4613017,0.30913627,0.5831857
1,/home/sunrise/project/tensorflow/object_detection/test_image/1170-2.jpg,97583.33333333333,0.23051426,0.30691668,0.29699028,0.5745517
1,/home/sunrise/project/tensorflow/object_detection/test_image/1170-3.jpg,97583.33333333333,0.13126785,0.20939288,0.3020489,0.5625498
1,/home/sunrise/project/tensorflow/object_detection/test_image/1180-0.jpg,98416.66666666667,0.89701146,0.9876066,0.30152678,0.5697059
1,/home/sunrise/project/tensorflow/object_detection/test_image/1180-1.jpg,98416.66666666667,0.4636417,0.5312488,0.2930376,0.5767701
1,/home/sunrise/project/tensorflow/object_detection/test_image/1190-0.jpg,99250.0,0.5696148,0.62969047,0.30496258,0.58149403
1,/home/sunrise/project/tensorflow/object_detection/test_image/1190-1.jpg,99250.0,0.0403332,0.10883488,0.29717118,0.56555736
1,/home/sunrise/project/tensorflow/object_detection/test_image/1200-0.jpg,100083.33333333333,0.6508262,0.72240496,0.3041396,0.58173853
1,/home/sunrise/project/tensorflow/object_detection/test_image/1210-0.jpg,100916.66666666667,0.37214574,0.4654874,0.2715692,0.55257434
1,/home/sunrise/project/tensorflow/object_detection/test_image/1220-0.jpg,101750.0,0.8471326,0.9275412,0.2470886,0.5332099
1,/home/sunrise/project/tensorflow/object_detection/test_image/1220-1.jpg,101750.0,0.009724902,0.06377804,0.23739725,0.5260132
1,/home/sunrise/project/tensorflow/object_detection/test_image/1230-0.jpg,102583.33333333333,0.122207016,0.20443001,0.25851125,0.5492139
1,/home/sunrise/project/tensorflow/object_detection/test_image/1230-1.jpg,102583.33333333333,0.6355636,0.70459163,0.26606083,0.52272266
1,/home/sunrise/project/tensorflow/object_detection/test_image/1240-0.jpg,103416.66666666667,0.69453514,0.7906916,0.29728886,0.54472643
1,/home/sunrise/project/tensorflow/object_detection/test_image/1250-0.jpg,104250.0,0.3188629,0.39794412,0.2846651,0.5760327
1,/home/sunrise/project/tensorflow/object_detection/test_image/1250-1.jpg,104250.0,0.071461774,0.13547373,0.29485893,0.5648615
1,/home/sunrise/project/tensorflow/object_detection/test_image/1260-0.jpg,105083.33333333333,0.15484329,0.22951026,0.2720127,0.5669805
1,/home/sunrise/project/tensorflow/object_detection/test_image/1270-0.jpg,105916.66666666667,0.53402597,0.6165382,0.29050553,0.5720071
1,/home/sunrise/project/tensorflow/object_detection/test_image/1270-1.jpg,105916.66666666667,0.26651117,0.3581988,0.26038527,0.5722736
1,/home/sunrise/project/tensorflow/object_detection/test_image/1280-0.jpg,106750.0,0.40170953,0.46677497,0.2596231,0.55481154
1,/home/sunrise/project/tensorflow/object_detection/test_image/1290-0.jpg,107583.33333333333,0.7560295,0.8461683,0.28433937,0.5597019
1,/home/sunrise/project/tensorflow/object_detection/test_image/1290-1.jpg,107583.33333333333,0.49119732,0.57730913,0.258029,0.56150687
1,/home/sunrise/project/tensorflow/object_detection/test_image/1290-2.jpg,107583.33333333333,0.061765473,0.123803824,0.27679133,0.5425106
1,/home/sunrise/project/tensorflow/object_detection/test_image/1300-0.jpg,108416.66666666667,0.1329275,0.21835297,0.29081964,0.5494238
1,/home/sunrise/project/tensorflow/object_detection/test_image/1310-0.jpg,109250.0,0.7089604,0.8037069,0.27968514,0.55989754
1,/home/sunrise/project/tensorflow/object_detection/test_image/1320-0.jpg,110083.33333333333,0.8369532,0.9001617,0.24443267,0.5530771
1,/home/sunrise/project/tensorflow/object_detection/test_image/1320-1.jpg,110083.33333333333,0.023901533,0.10209574,0.26959446,0.53841674
1,/home/sunrise/project/tensorflow/object_detection/test_image/1320-2.jpg,110083.33333333333,0.34824106,0.40877643,0.2564539,0.5233096
1,/home/sunrise/project/tensorflow/object_detection/test_image/1330-0.jpg,110916.66666666667,0.14113471,0.2216422,0.28471568,0.5536338
1,/home/sunrise/project/tensorflow/object_detection/test_image/1330-1.jpg,110916.66666666667,0.9421268,1.0,0.27345622,0.5528907
1,/home/sunrise/project/tensorflow/object_detection/test_image/1340-0.jpg,111750.0,0.23956826,0.31957224,0.27084383,0.574267
1,/home/sunrise/project/tensorflow/object_detection/test_image/1350-0.jpg,112583.33333333333,0.6299148,0.7116657,0.28486806,0.5547438
1,/home/sunrise/project/tensorflow/object_detection/test_image/1360-0.jpg,113416.66666666667,0.43257314,0.5212777,0.299563,0.5612929
1,/home/sunrise/project/tensorflow/object_detection/test_image/1370-0.jpg,114250.0,0.82414895,0.9048013,0.26526406,0.55707407
1,/home/sunrise/project/tensorflow/object_detection/test_image/1380-0.jpg,115083.33333333333,0.638999,0.7197857,0.28436238,0.5376523
1,/home/sunrise/project/tensorflow/object_detection/test_image/1400-0.jpg,116750.0,0.8531439,0.94392973,0.2751002,0.54607844
1,/home/sunrise/project/tensorflow/object_detection/test_image/1410-0.jpg,117583.33333333333,0.90039945,0.9970274,0.29020017,0.52656555
1,/home/sunrise/project/tensorflow/object_detection/test_image/1440-0.jpg,120083.33333333333,0.60593337,0.66174287,0.21661177,0.455269
1,/home/sunrise/project/tensorflow/object_detection/test_image/1450-0.jpg,120916.66666666667,0.9139622,0.9834506,0.21875235,0.47787818
1,/home/sunrise/project/tensorflow/object_detection/test_image/1450-1.jpg,120916.66666666667,0.5492428,0.6115342,0.22128546,0.47007167
1,/home/sunrise/project/tensorflow/object_detection/test_image/1460-0.jpg,121750.0,0.8397451,0.9319975,0.19381826,0.49331415
1,/home/sunrise/project/tensorflow/object_detection/test_image/1460-1.jpg,121750.0,0.07063839,0.13631974,0.18934117,0.46929073
1,/home/sunrise/project/tensorflow/object_detection/test_image/1460-2.jpg,121750.0,0.45554295,0.5211412,0.20687445,0.45398784
1,/home/sunrise/project/tensorflow/object_detection/test_image/1470-0.jpg,122583.33333333333,0.16408512,0.2554274,0.25436276,0.5233167
1,/home/sunrise/project/tensorflow/object_detection/test_image/1470-1.jpg,122583.33333333333,0.72108144,0.8000049,0.2041909,0.51667285
1,/home/sunrise/project/tensorflow/object_detection/test_image/1470-2.jpg,122583.33333333333,0.37875986,0.4521098,0.25800815,0.49028984
1,/home/sunrise/project/tensorflow/object_detection/test_image/1480-0.jpg,123416.66666666667,0.5886925,0.67963964,0.2516451,0.5555289
1,/home/sunrise/project/tensorflow/object_detection/test_image/1480-1.jpg,123416.66666666667,0.28406987,0.36069486,0.25308245,0.52356076
1,/home/sunrise/project/tensorflow/object_detection/test_image/1480-2.jpg,123416.66666666667,0.0061096605,0.058891043,0.25756443,0.5291115
1,/home/sunrise/project/tensorflow/object_detection/test_image/1490-0.jpg,124250.0,0.069394685,0.1455957,0.27243254,0.54962695
1,/home/sunrise/project/tensorflow/object_detection/test_image/1490-1.jpg,124250.0,0.5121555,0.59991807,0.27403402,0.5482396
1,/home/sunrise/project/tensorflow/object_detection/test_image/1490-2.jpg,124250.0,0.3795663,0.45010257,0.2872244,0.5475346
1,/home/sunrise/project/tensorflow/object_detection/test_image/1490-3.jpg,124250.0,0.4694066,0.53916943,0.2735214,0.56682885
1,/home/sunrise/project/tensorflow/object_detection/test_image/1500-0.jpg,125083.33333333333,0.33259612,0.42650795,0.28007627,0.5837657
1,/home/sunrise/project/tensorflow/object_detection/test_image/1500-1.jpg,125083.33333333333,0.44094712,0.52514005,0.2823906,0.5684974
1,/home/sunrise/project/tensorflow/object_detection/test_image/1510-0.jpg,125916.66666666667,0.55808264,0.647224,0.30218232,0.5679141
1,/home/sunrise/project/tensorflow/object_detection/test_image/1510-1.jpg,125916.66666666667,0.20593941,0.288238,0.2791633,0.5908839
1,/home/sunrise/project/tensorflow/object_detection/test_image/1520-0.jpg,126750.0,0.074057065,0.15411693,0.26034892,0.5555668
1,/home/sunrise/project/tensorflow/object_detection/test_image/1520-1.jpg,126750.0,0.68409044,0.73838204,0.26131338,0.53483915
1,/home/sunrise/project/tensorflow/object_detection/test_image/1520-2.jpg,126750.0,0.2985559,0.38645136,0.20094761,0.52304316
1,/home/sunrise/project/tensorflow/object_detection/test_image/1530-0.jpg,127583.33333333333,0.17176872,0.24468565,0.1828352,0.4142443
1,/home/sunrise/project/tensorflow/object_detection/test_image/1530-1.jpg,127583.33333333333,0.75657046,0.8441504,0.16747563,0.44547755
1,/home/sunrise/project/tensorflow/object_detection/test_image/1530-2.jpg,127583.33333333333,0.40711254,0.4779641,0.11382261,0.43499526
1,/home/sunrise/project/tensorflow/object_detection/test_image/1540-0.jpg,128416.66666666667,0.4900658,0.5770521,0.14903079,0.46416175
1,/home/sunrise/project/tensorflow/object_detection/test_image/1560-0.jpg,130083.33333333333,0.82026243,0.9231056,0.21529716,0.5386232
1,/home/sunrise/project/tensorflow/object_detection/test_image/1560-1.jpg,130083.33333333333,0.6792684,0.75800997,0.21054192,0.5103585
1,/home/sunrise/project/tensorflow/object_detection/test_image/1570-0.jpg,130916.66666666667,0.78506106,0.85287184,0.22592384,0.5242623
1,/home/sunrise/project/tensorflow/object_detection/test_image/1580-0.jpg,131750.0,0.59013844,0.6805626,0.25711772,0.555624
1,/home/sunrise/project/tensorflow/object_detection/test_image/1580-1.jpg,131750.0,0.8957641,0.98056567,0.24227127,0.52034223
1,/home/sunrise/project/tensorflow/object_detection/test_image/1580-2.jpg,131750.0,0.9458716,0.99753237,0.2465921,0.5243712
1,/home/sunrise/project/tensorflow/object_detection/test_image/1590-0.jpg,132583.33333333334,0.8503582,0.9335223,0.25293016,0.53764683
1,/home/sunrise/project/tensorflow/object_detection/test_image/1590-1.jpg,132583.33333333334,0.4966314,0.56153494,0.23047894,0.56015927
1,/home/sunrise/project/tensorflow/object_detection/test_image/1600-0.jpg,133416.66666666666,0.36937782,0.4598867,0.2478312,0.5645087
1,/home/sunrise/project/tensorflow/object_detection/test_image/1600-1.jpg,133416.66666666666,0.86419487,0.94733346,0.25312683,0.52401876
1,/home/sunrise/project/tensorflow/object_detection/test_image/1610-0.jpg,134250.0,0.750052,0.82709765,0.2575075,0.52150774
1,/home/sunrise/project/tensorflow/object_detection/test_image/1610-1.jpg,134250.0,0.6608121,0.7353601,0.26086217,0.52191883
1,/home/sunrise/project/tensorflow/object_detection/test_image/1610-2.jpg,134250.0,0.2665063,0.34197873,0.25011817,0.5580971
1,/home/sunrise/project/tensorflow/object_detection/test_image/1620-0.jpg,135083.33333333334,0.6251297,0.7073425,0.25067964,0.5234933
1,/home/sunrise/project/tensorflow/object_detection/test_image/1620-1.jpg,135083.33333333334,0.14604585,0.23102905,0.26036906,0.55348516
1,/home/sunrise/project/tensorflow/object_detection/test_image/1620-2.jpg,135083.33333333334,0.59366626,0.659576,0.25181788,0.52942973
1,/home/sunrise/project/tensorflow/object_detection/test_image/1630-0.jpg,135916.66666666666,0.04841175,0.1246699,0.25452256,0.536737
1,/home/sunrise/project/tensorflow/object_detection/test_image/1630-1.jpg,135916.66666666666,0.5280117,0.5959778,0.2411315,0.52381235
1,/home/sunrise/project/tensorflow/object_detection/test_image/1640-0.jpg,136750.0,0.14966916,0.20974268,0.25362355,0.53139883
1,/home/sunrise/project/tensorflow/object_detection/test_image/1640-1.jpg,136750.0,0.46884444,0.54271126,0.26664162,0.534545
1,/home/sunrise/project/tensorflow/object_detection/test_image/1640-2.jpg,136750.0,0.40779474,0.47586206,0.2681238,0.5389921
1,/home/sunrise/project/tensorflow/object_detection/test_image/1650-0.jpg,137583.33333333334,0.24715988,0.3267823,0.2717388,0.53962934
1,/home/sunrise/project/tensorflow/object_detection/test_image/1650-1.jpg,137583.33333333334,0.35736933,0.42497292,0.27327597,0.5348677
1,/home/sunrise/project/tensorflow/object_detection/test_image/1660-0.jpg,138416.66666666666,0.35300022,0.41847944,0.25750196,0.5355513
1,/home/sunrise/project/tensorflow/object_detection/test_image/1660-1.jpg,138416.66666666666,0.15707976,0.23210648,0.26848722,0.52047503
1,/home/sunrise/project/tensorflow/object_detection/test_image/1660-2.jpg,138416.66666666666,0.9450003,1.0,0.2601782,0.5230024
1,/home/sunrise/project/tensorflow/object_detection/test_image/1660-3.jpg,138416.66666666666,0.26830214,0.32488263,0.26848966,0.5323244
1,/home/sunrise/project/tensorflow/object_detection/test_image/1670-0.jpg,139250.0,0.15370086,0.2396127,0.27183735,0.54768056
1,/home/sunrise/project/tensorflow/object_detection/test_image/1670-1.jpg,139250.0,0.8298921,0.90407294,0.27348256,0.52325565
1,/home/sunrise/project/tensorflow/object_detection/test_image/1670-2.jpg,139250.0,0.45385122,0.5306052,0.26160192,0.5363286
1,/home/sunrise/project/tensorflow/object_detection/test_image/1680-0.jpg,140083.33333333334,0.58431524,0.65327793,0.2544504,0.5261493
1,/home/sunrise/project/tensorflow/object_detection/test_image/1680-1.jpg,140083.33333333334,0.09373589,0.17211168,0.2760777,0.53050345
1,/home/sunrise/project/tensorflow/object_detection/test_image/1690-0.jpg,140916.66666666666,0.7085607,0.7634871,0.21856432,0.47536445
1,/home/sunrise/project/tensorflow/object_detection/test_image/1690-1.jpg,140916.66666666666,0.62887317,0.692475,0.22057573,0.46602768
1,/home/sunrise/project/tensorflow/object_detection/test_image/1690-2.jpg,140916.66666666666,0.012502562,0.08013624,0.24276762,0.5072501
1,/home/sunrise/project/tensorflow/object_detection/test_image/1700-0.jpg,141750.0,0.85552776,0.9376838,0.22454971,0.49825782
1,/home/sunrise/project/tensorflow/object_detection/test_image/1700-1.jpg,141750.0,0.05042403,0.12709273,0.24060254,0.46644968
1,/home/sunrise/project/tensorflow/object_detection/test_image/1700-2.jpg,141750.0,0.55059564,0.6106365,0.2069263,0.47623712
1,/home/sunrise/project/tensorflow/object_detection/test_image/1710-0.jpg,142583.33333333334,0.93486077,0.9982385,0.20088945,0.46734488
1,/home/sunrise/project/tensorflow/object_detection/test_image/1710-1.jpg,142583.33333333334,0.12505504,0.19724649,0.21631765,0.4543792
1,/home/sunrise/project/tensorflow/object_detection/test_image/1720-0.jpg,143416.66666666666,0.33369872,0.39201346,0.22839306,0.4799552
1,/home/sunrise/project/tensorflow/object_detection/test_image/1730-0.jpg,144250.0,0.3073408,0.39561456,0.23671713,0.47632357
1,/home/sunrise/project/tensorflow/object_detection/test_image/1730-1.jpg,144250.0,0.2179609,0.28505552,0.22180589,0.47835702
1,/home/sunrise/project/tensorflow/object_detection/test_image/1740-0.jpg,145083.33333333334,0.07413976,0.16345133,0.23032266,0.51355654
1,/home/sunrise/project/tensorflow/object_detection/test_image/1740-1.jpg,145083.33333333334,0.63996994,0.7190317,0.2426201,0.49999171
1,/home/sunrise/project/tensorflow/object_detection/test_image/1750-0.jpg,145916.66666666666,0.5047312,0.6222328,0.24874118,0.5049269
1,/home/sunrise/project/tensorflow/object_detection/test_image/1750-1.jpg,145916.66666666666,0.17998038,0.234271,0.24753161,0.5170949
1,/home/sunrise/project/tensorflow/object_detection/test_image/1760-0.jpg,146750.0,0.24060771,0.31930986,0.2423728,0.5234206
1,/home/sunrise/project/tensorflow/object_detection/test_image/1770-0.jpg,147583.33333333334,0.33971506,0.432418,0.23347105,0.5247975
1,/home/sunrise/project/tensorflow/object_detection/test_image/1770-1.jpg,147583.33333333334,0.6938334,0.774677,0.2676663,0.5036984
1,/home/sunrise/project/tensorflow/object_detection/test_image/1780-0.jpg,148416.66666666666,0.3910067,0.46898323,0.26007912,0.53557277
1,/home/sunrise/project/tensorflow/object_detection/test_image/1790-0.jpg,149250.0,0.16906925,0.25020525,0.24317376,0.510061
1,/home/sunrise/project/tensorflow/object_detection/test_image/1790-1.jpg,149250.0,0.88650215,0.9666015,0.2512698,0.49848005
1,/home/sunrise/project/tensorflow/object_detection/test_image/1800-0.jpg,150083.33333333334,0.62237227,0.71489465,0.23575069,0.50219643
1,/home/sunrise/project/tensorflow/object_detection/test_image/1800-1.jpg,150083.33333333334,0.8655069,0.94466317,0.20798324,0.5168024
1,/home/sunrise/project/tensorflow/object_detection/test_image/1810-0.jpg,150916.66666666666,0.77025896,0.84285647,0.20416717,0.49347323
1,/home/sunrise/project/tensorflow/object_detection/test_image/1810-1.jpg,150916.66666666666,0.012209937,0.07718571,0.22186005,0.48221081
1,/home/sunrise/project/tensorflow/object_detection/test_image/1820-0.jpg,151750.0,0.7068375,0.76866204,0.20190984,0.48613602
1,/home/sunrise/project/tensorflow/object_detection/test_image/1820-1.jpg,151750.0,0.8754625,0.94847375,0.19993362,0.4841055
1,/home/sunrise/project/tensorflow/object_detection/test_image/1820-2.jpg,151750.0,0.009145483,0.10236138,0.2086456,0.50524133
1,/home/sunrise/project/tensorflow/object_detection/test_image/1830-0.jpg,152583.33333333334,0.8807059,0.9838529,0.14679931,0.4538691
1,/home/sunrise/project/tensorflow/object_detection/test_image/1830-1.jpg,152583.33333333334,0.6271676,0.6873126,0.18372726,0.45674014
1,/home/sunrise/project/tensorflow/object_detection/test_image/1840-0.jpg,153416.66666666666,0.7347683,0.8163626,0.30073172,0.55989003
1,/home/sunrise/project/tensorflow/object_detection/test_image/1850-0.jpg,154250.0,0.68218935,0.7478082,0.29596668,0.564052
1,/home/sunrise/project/tensorflow/object_detection/test_image/1860-0.jpg,155083.33333333334,0.5750453,0.6516475,0.30916488,0.57658815
1,/home/sunrise/project/tensorflow/object_detection/test_image/1860-1.jpg,155083.33333333334,0.8496249,0.9156902,0.2868669,0.5665106
1,/home/sunrise/project/tensorflow/object_detection/test_image/1870-0.jpg,155916.66666666666,0.53707874,0.6049446,0.32152015,0.59185034
1,/home/sunrise/project/tensorflow/object_detection/test_image/1880-0.jpg,156750.0,0.40214825,0.4913625,0.32229006,0.6050026
1,/home/sunrise/project/tensorflow/object_detection/test_image/1880-1.jpg,156750.0,0.046979994,0.11935538,0.31202543,0.57237786
1,/home/sunrise/project/tensorflow/object_detection/test_image/1880-2.jpg,156750.0,0.7029137,0.78393275,0.31082934,0.5726554
1,/home/sunrise/project/tensorflow/object_detection/test_image/1890-0.jpg,157583.33333333334,0.60747886,0.6602371,0.30256733,0.5756761
1,/home/sunrise/project/tensorflow/object_detection/test_image/1890-1.jpg,157583.33333333334,0.10755235,0.18419394,0.3428543,0.5923873
1,/home/sunrise/project/tensorflow/object_detection/test_image/1890-2.jpg,157583.33333333334,0.0,0.07796316,0.3162601,0.68052167
1,/home/sunrise/project/tensorflow/object_detection/test_image/1900-0.jpg,158416.66666666666,0.08702248,0.20424017,0.33807176,0.67905277
1,/home/sunrise/project/tensorflow/object_detection/test_image/1900-1.jpg,158416.66666666666,0.48362094,0.56248957,0.3470838,0.6120508
1,/home/sunrise/project/tensorflow/object_detection/test_image/1900-2.jpg,158416.66666666666,0.14128141,0.2158158,0.33774632,0.67856604
1,/home/sunrise/project/tensorflow/object_detection/test_image/1910-0.jpg,159250.0,0.22254819,0.30107152,0.34911415,0.6780058
1,/home/sunrise/project/tensorflow/object_detection/test_image/1910-1.jpg,159250.0,0.3666253,0.4236011,0.35012716,0.6343041
1,/home/sunrise/project/tensorflow/object_detection/test_image/1910-2.jpg,159250.0,0.7118248,0.78579783,0.35445386,0.6167597
1,/home/sunrise/project/tensorflow/object_detection/test_image/1920-0.jpg,160083.33333333334,0.31939164,0.42791566,0.3188651,0.66164255
1,/home/sunrise/project/tensorflow/object_detection/test_image/1920-1.jpg,160083.33333333334,0.272458,0.34926304,0.3465082,0.6295189
1,/home/sunrise/project/tensorflow/object_detection/test_image/1930-0.jpg,160916.66666666666,0.16664425,0.27800474,0.37383467,0.63472706
1,/home/sunrise/project/tensorflow/object_detection/test_image/1930-1.jpg,160916.66666666666,0.43992388,0.524284,0.34392396,0.6476855
1,/home/sunrise/project/tensorflow/object_detection/test_image/1940-0.jpg,161750.0,0.56350636,0.665342,0.3712452,0.67336255
1,/home/sunrise/project/tensorflow/object_detection/test_image/1950-0.jpg,162583.33333333334,0.32602704,0.41005898,0.42363447,0.6883994
1,/home/sunrise/project/tensorflow/object_detection/test_image/1950-1.jpg,162583.33333333334,0.66107005,0.74416953,0.41456687,0.72812045
1,/home/sunrise/project/tensorflow/object_detection/test_image/1950-2.jpg,162583.33333333334,0.6329322,0.71453536,0.4239465,0.70177627
1,/home/sunrise/project/tensorflow/object_detection/test_image/1960-0.jpg,163416.66666666666,0.76085186,0.8786769,0.38217238,0.720381
1,/home/sunrise/project/tensorflow/object_detection/test_image/1970-0.jpg,164250.0,0.8133189,0.8958277,0.36693397,0.655344
1,/home/sunrise/project/tensorflow/object_detection/test_image/1970-1.jpg,164250.0,0.101049036,0.19475856,0.39615977,0.6555793
1,/home/sunrise/project/tensorflow/object_detection/test_image/1970-2.jpg,164250.0,0.011480212,0.103872694,0.396262,0.70445544
1,/home/sunrise/project/tensorflow/object_detection/test_image/1980-0.jpg,165083.33333333334,0.09113943,0.17617333,0.35446042,0.7155606
1,/home/sunrise/project/tensorflow/object_detection/test_image/1980-1.jpg,165083.33333333334,0.022567552,0.085418075,0.36810988,0.62995183
1,/home/sunrise/project/tensorflow/object_detection/test_image/1990-0.jpg,165916.66666666666,0.011938062,0.08607951,0.3694474,0.6241757
1,/home/sunrise/project/tensorflow/object_detection/test_image/1990-1.jpg,165916.66666666666,0.15982574,0.24080703,0.34620506,0.7154047
1,/home/sunrise/project/tensorflow/object_detection/test_image/2000-0.jpg,166750.0,0.24214152,0.34120187,0.34386352,0.74935126
1,/home/sunrise/project/tensorflow/object_detection/test_image/2000-1.jpg,166750.0,0.06568813,0.1338796,0.37202168,0.6195388
1,/home/sunrise/project/tensorflow/object_detection/test_image/2020-0.jpg,168416.66666666666,0.4437165,0.56031144,0.3303357,0.7499274
1,/home/sunrise/project/tensorflow/object_detection/test_image/2020-1.jpg,168416.66666666666,0.34359682,0.42962164,0.33622536,0.5952047
1,/home/sunrise/project/tensorflow/object_detection/test_image/2020-2.jpg,168416.66666666666,0.24236763,0.29633576,0.32806545,0.60257584
1,/home/sunrise/project/tensorflow/object_detection/test_image/2030-0.jpg,169250.0,0.32663268,0.3773489,0.31983167,0.5985106
1,/home/sunrise/project/tensorflow/object_detection/test_image/2030-1.jpg,169250.0,0.45836765,0.5287007,0.3191978,0.5787126
1,/home/sunrise/project/tensorflow/object_detection/test_image/2040-0.jpg,170083.33333333334,0.5659965,0.6332643,0.31511462,0.56968
1,/home/sunrise/project/tensorflow/object_detection/test_image/2050-0.jpg,170916.66666666666,0.6615746,0.736868,0.29110938,0.5546154
1,/home/sunrise/project/tensorflow/object_detection/test_image/2050-1.jpg,170916.66666666666,0.014363401,0.10195542,0.29481387,0.55961055
1,/home/sunrise/project/tensorflow/object_detection/test_image/2060-0.jpg,171750.0,0.6472261,0.7317463,0.2843089,0.5854655
1,/home/sunrise/project/tensorflow/object_detection/test_image/2060-1.jpg,171750.0,0.7925887,0.87608457,0.2761323,0.5669712
1,/home/sunrise/project/tensorflow/object_detection/test_image/2070-0.jpg,172583.33333333334,0.05535099,0.10541327,0.3043191,0.57259846
1,/home/sunrise/project/tensorflow/object_detection/test_image/2070-1.jpg,172583.33333333334,0.7675359,0.8423805,0.2951144,0.6172868
1,/home/sunrise/project/tensorflow/object_detection/test_image/2070-2.jpg,172583.33333333334,0.20305309,0.2875214,0.27818555,0.5631698
1,/home/sunrise/project/tensorflow/object_detection/test_image/2080-0.jpg,173416.66666666666,0.87902486,0.98055816,0.29754126,0.614048
1,/home/sunrise/project/tensorflow/object_detection/test_image/2080-1.jpg,173416.66666666666,0.113799006,0.1910868,0.31080878,0.56983966
1,/home/sunrise/project/tensorflow/object_detection/test_image/2090-0.jpg,174250.0,0.18951324,0.2458151,0.28713176,0.57089007
1,/home/sunrise/project/tensorflow/object_detection/test_image/2100-0.jpg,175083.33333333334,0.25613594,0.31921935,0.31080496,0.59286195
1,/home/sunrise/project/tensorflow/object_detection/test_image/2110-0.jpg,175916.66666666666,0.54624426,0.61728585,0.31019115,0.5878552
1,/home/sunrise/project/tensorflow/object_detection/test_image/2110-1.jpg,175916.66666666666,0.3381015,0.39819956,0.3170418,0.59755677
1,/home/sunrise/project/tensorflow/object_detection/test_image/2120-0.jpg,176750.0,0.019456144,0.12137982,0.3187391,0.6469649
1,/home/sunrise/project/tensorflow/object_detection/test_image/2120-1.jpg,176750.0,0.41005334,0.49383435,0.3038814,0.5848254
1,/home/sunrise/project/tensorflow/object_detection/test_image/2130-0.jpg,177583.33333333334,0.5035828,0.56324846,0.2871275,0.5687357
1,/home/sunrise/project/tensorflow/object_detection/test_image/2140-0.jpg,178416.66666666666,0.60466886,0.6877986,0.25837666,0.5621712
1,/home/sunrise/project/tensorflow/object_detection/test_image/2140-1.jpg,178416.66666666666,0.25836587,0.3689385,0.2558052,0.61550707
1,/home/sunrise/project/tensorflow/object_detection/test_image/2140-2.jpg,178416.66666666666,0.006371334,0.13440825,0.24797948,0.69191283
1,/home/sunrise/project/tensorflow/object_detection/test_image/2140-3.jpg,178416.66666666666,0.8221583,0.8795423,0.24915071,0.51724863
1,/home/sunrise/project/tensorflow/object_detection/test_image/2150-0.jpg,179250.0,0.057161108,0.15290608,0.27257848,0.6419397
1,/home/sunrise/project/tensorflow/object_detection/test_image/2150-1.jpg,179250.0,0.39604175,0.48135132,0.26146635,0.655193
1,/home/sunrise/project/tensorflow/object_detection/test_image/2170-0.jpg,180916.66666666666,0.104042135,0.16191785,0.16993795,0.4076506
1,/home/sunrise/project/tensorflow/object_detection/test_image/2180-0.jpg,181750.0,0.14475738,0.21454026,0.18504784,0.41748378
1,/home/sunrise/project/tensorflow/object_detection/test_image/2190-0.jpg,182583.33333333334,0.25642392,0.31491747,0.16714048,0.40943927
1,/home/sunrise/project/tensorflow/object_detection/test_image/2210-0.jpg,184250.0,0.37995467,0.45379236,0.16384153,0.4229113
1,/home/sunrise/project/tensorflow/object_detection/test_image/2220-0.jpg,185083.33333333334,0.87205046,0.94585997,0.19161318,0.4496097
1,/home/sunrise/project/tensorflow/object_detection/test_image/2230-0.jpg,185916.66666666666,0.5530156,0.62296927,0.18316485,0.46701622
1,/home/sunrise/project/tensorflow/object_detection/test_image/2240-0.jpg,186750.0,0.6272133,0.71885544,0.19175085,0.4639317
1,/home/sunrise/project/tensorflow/object_detection/test_image/2250-0.jpg,187583.33333333334,0.8518741,0.9283812,0.17876078,0.475191
1,/home/sunrise/project/tensorflow/object_detection/test_image/2260-0.jpg,188416.66666666666,0.11025949,0.182876,0.1922557,0.46353635
1,/home/sunrise/project/tensorflow/object_detection/test_image/2260-1.jpg,188416.66666666666,0.8517688,0.93042666,0.20520194,0.51490474
1,/home/sunrise/project/tensorflow/object_detection/test_image/2260-2.jpg,188416.66666666666,0.7324138,0.79619366,0.18147886,0.47813267
1,/home/sunrise/project/tensorflow/object_detection/test_image/2270-0.jpg,189250.0,0.19354281,0.26109242,0.19711971,0.49285764
1,/home/sunrise/project/tensorflow/object_detection/test_image/2270-1.jpg,189250.0,0.623355,0.7073937,0.19503085,0.4891482
1,/home/sunrise/project/tensorflow/object_detection/test_image/2270-2.jpg,189250.0,0.48523962,0.55919445,0.21869883,0.46813247
1,/home/sunrise/project/tensorflow/object_detection/test_image/2280-0.jpg,190083.33333333334,0.07865292,0.17539605,0.22061627,0.5092768
1,/home/sunrise/project/tensorflow/object_detection/test_image/2280-1.jpg,190083.33333333334,0.521896,0.57796633,0.20248795,0.4703049
1,/home/sunrise/project/tensorflow/object_detection/test_image/2280-2.jpg,190083.33333333334,0.29275054,0.35556293,0.19881004,0.49104643
1,/home/sunrise/project/tensorflow/object_detection/test_image/2290-0.jpg,190916.66666666666,0.3972345,0.49490637,0.19699904,0.48526487
1,/home/sunrise/project/tensorflow/object_detection/test_image/2290-1.jpg,190916.66666666666,0.33200115,0.38980567,0.20892856,0.4640099
1,/home/sunrise/project/tensorflow/object_detection/test_image/2300-0.jpg,191750.0,0.30592772,0.3945463,0.21826886,0.5178084
1,/home/sunrise/project/tensorflow/object_detection/test_image/2300-1.jpg,191750.0,0.49485737,0.56500655,0.21677062,0.50848913
1,/home/sunrise/project/tensorflow/object_detection/test_image/2310-0.jpg,192583.33333333334,0.18761952,0.28368205,0.22417626,0.49883553
1,/home/sunrise/project/tensorflow/object_detection/test_image/2310-1.jpg,192583.33333333334,0.41236734,0.491405,0.20932254,0.53529584
1,/home/sunrise/project/tensorflow/object_detection/test_image/2320-0.jpg,193416.66666666666,0.5340875,0.62962896,0.23387563,0.5345925
1,/home/sunrise/project/tensorflow/object_detection/test_image/2320-1.jpg,193416.66666666666,0.09280752,0.16760565,0.21373959,0.49399388
1,/home/sunrise/project/tensorflow/object_detection/test_image/2320-2.jpg,193416.66666666666,0.68906933,0.7740969,0.23435555,0.50238794
1,/home/sunrise/project/tensorflow/object_detection/test_image/2330-0.jpg,194250.0,0.014807314,0.094000034,0.20714119,0.50131786
1,/home/sunrise/project/tensorflow/object_detection/test_image/2330-1.jpg,194250.0,0.66931236,0.73677087,0.23144127,0.5358693
1,/home/sunrise/project/tensorflow/object_detection/test_image/2330-2.jpg,194250.0,0.81673336,0.8686249,0.23287262,0.48745227
1,/home/sunrise/project/tensorflow/object_detection/test_image/2340-0.jpg,195083.33333333334,0.78566456,0.88404715,0.24290177,0.5438678
1,/home/sunrise/project/tensorflow/object_detection/test_image/2340-1.jpg,195083.33333333334,0.05575954,0.11625979,0.19886236,0.47431135
1,/home/sunrise/project/tensorflow/object_detection/test_image/2340-2.jpg,195083.33333333334,0.88991034,0.9647049,0.24483252,0.50290906
1,/home/sunrise/project/tensorflow/object_detection/test_image/2350-0.jpg,195916.66666666666,0.3353015,0.43062893,0.1586468,0.46622908
1,/home/sunrise/project/tensorflow/object_detection/test_image/2360-0.jpg,196750.0,0.45993334,0.5459768,0.15724267,0.4620769
1,/home/sunrise/project/tensorflow/object_detection/test_image/2360-1.jpg,196750.0,0.1712241,0.24341817,0.16320105,0.43571705
1,/home/sunrise/project/tensorflow/object_detection/test_image/2370-0.jpg,197583.33333333334,0.564531,0.6590286,0.16975209,0.4764888
1,/home/sunrise/project/tensorflow/object_detection/test_image/2370-1.jpg,197583.33333333334,0.23815718,0.33952746,0.147618,0.41512036
1,/home/sunrise/project/tensorflow/object_detection/test_image/2380-0.jpg,198416.66666666666,0.7005342,0.7935573,0.19832556,0.47050315
1,/home/sunrise/project/tensorflow/object_detection/test_image/2390-0.jpg,199250.0,0.7579563,0.8585897,0.18918623,0.48571533
1,/home/sunrise/project/tensorflow/object_detection/test_image/2390-1.jpg,199250.0,0.8397868,0.8992124,0.20009732,0.46857423
1,/home/sunrise/project/tensorflow/object_detection/test_image/2390-2.jpg,199250.0,0.39368832,0.45747036,0.15839292,0.44876552
1,/home/sunrise/project/tensorflow/object_detection/test_image/2400-0.jpg,200083.33333333334,0.881819,0.99069583,0.17073761,0.6161094
1,/home/sunrise/project/tensorflow/object_detection/test_image/2410-0.jpg,200916.66666666666,0.7595514,0.8562826,0.19778681,0.630207
1,/home/sunrise/project/tensorflow/object_detection/test_image/2420-0.jpg,201750.0,0.61162364,0.7359613,0.22920005,0.62861294
1,/home/sunrise/project/tensorflow/object_detection/test_image/2430-0.jpg,202583.33333333334,0.753488,0.8115763,0.20206524,0.48597997
1,/home/sunrise/project/tensorflow/object_detection/test_image/2440-0.jpg,203416.66666666666,0.7818259,0.8872075,0.23088132,0.5749402
1,/home/sunrise/project/tensorflow/object_detection/test_image/2440-1.jpg,203416.66666666666,0.32186633,0.45509565,0.23757201,0.64626175
1,/home/sunrise/project/tensorflow/object_detection/test_image/2450-0.jpg,204250.0,0.63671154,0.7203668,0.26333064,0.60017127
1,/home/sunrise/project/tensorflow/object_detection/test_image/2450-1.jpg,204250.0,0.022812698,0.10510188,0.22898869,0.5166831
1,/home/sunrise/project/tensorflow/object_detection/test_image/2450-2.jpg,204250.0,0.2121493,0.29770982,0.2372916,0.6613451
1,/home/sunrise/project/tensorflow/object_detection/test_image/2460-0.jpg,205083.33333333334,0.025875002,0.1592823,0.19174631,0.5662988
1,/home/sunrise/project/tensorflow/object_detection/test_image/2460-1.jpg,205083.33333333334,0.9062481,0.9904994,0.19400592,0.46958953
1,/home/sunrise/project/tensorflow/object_detection/test_image/2470-0.jpg,205916.66666666666,0.21193095,0.287636,0.19292766,0.48367882
1,/home/sunrise/project/tensorflow/object_detection/test_image/2480-0.jpg,206750.0,0.2741956,0.36161852,0.17871095,0.49568152
1,/home/sunrise/project/tensorflow/object_detection/test_image/2490-0.jpg,207583.33333333334,0.3741799,0.44748837,0.2030029,0.49594185
1,/home/sunrise/project/tensorflow/object_detection/test_image/2490-1.jpg,207583.33333333334,0.17128529,0.25413772,0.22833195,0.51886654
1,/home/sunrise/project/tensorflow/object_detection/test_image/2490-2.jpg,207583.33333333334,0.940004,1.0,0.21267208,0.5202278
1,/home/sunrise/project/tensorflow/object_detection/test_image/2500-0.jpg,208416.66666666666,0.8855254,0.96400315,0.23101935,0.5477482
1,/home/sunrise/project/tensorflow/object_detection/test_image/2500-1.jpg,208416.66666666666,0.4884352,0.6038044,0.20389242,0.5179431
1,/home/sunrise/project/tensorflow/object_detection/test_image/2500-2.jpg,208416.66666666666,0.45409507,0.57002026,0.21965994,0.520502
1,/home/sunrise/project/tensorflow/object_detection/test_image/2500-3.jpg,208416.66666666666,0.09379585,0.15827821,0.2442497,0.5171184
1,/home/sunrise/project/tensorflow/object_detection/test_image/2510-0.jpg,209250.0,0.026174214,0.099597394,0.2751788,0.5355775
1,/home/sunrise/project/tensorflow/object_detection/test_image/2510-1.jpg,209250.0,0.54820925,0.61058766,0.26834956,0.5361357
1,/home/sunrise/project/tensorflow/object_detection/test_image/2510-2.jpg,209250.0,0.7974497,0.8846787,0.26025578,0.5746324
1,/home/sunrise/project/tensorflow/object_detection/test_image/2510-3.jpg,209250.0,0.64536047,0.7060447,0.26923585,0.551238
1,/home/sunrise/project/tensorflow/object_detection/test_image/2520-0.jpg,210083.33333333334,0.6446382,0.7190815,0.24984391,0.5381151
1,/home/sunrise/project/tensorflow/object_detection/test_image/2520-1.jpg,210083.33333333334,0.67313707,0.7380661,0.23517111,0.5567888
1,/home/sunrise/project/tensorflow/object_detection/test_image/2530-0.jpg,210916.66666666666,0.55092436,0.6642874,0.21139686,0.5674998
1,/home/sunrise/project/tensorflow/object_detection/test_image/2530-1.jpg,210916.66666666666,0.8941147,0.98159987,0.23465306,0.5216158
1,/home/sunrise/project/tensorflow/object_detection/test_image/2530-2.jpg,210916.66666666666,0.74966955,0.8242469,0.2412086,0.5220167
1,/home/sunrise/project/tensorflow/object_detection/test_image/2540-0.jpg,211750.0,0.8695027,0.9382859,0.20403095,0.51286185
1,/home/sunrise/project/tensorflow/object_detection/test_image/2550-0.jpg,212583.33333333334,0.23823875,0.35698473,0.16004808,0.50590855
1,/home/sunrise/project/tensorflow/object_detection/test_image/2550-1.jpg,212583.33333333334,0.9064352,0.9628368,0.15070441,0.4493831
1,/home/sunrise/project/tensorflow/object_detection/test_image/2570-0.jpg,214250.0,0.005081754,0.095700786,0.16517976,0.5176134
1,/home/sunrise/project/tensorflow/object_detection/test_image/2580-0.jpg,215083.33333333334,0.89650685,0.9828697,0.20170152,0.4942559
1,/home/sunrise/project/tensorflow/object_detection/test_image/2580-1.jpg,215083.33333333334,0.6652195,0.7354503,0.17953974,0.45926076
1,/home/sunrise/project/tensorflow/object_detection/test_image/2590-0.jpg,215916.66666666666,0.8021321,0.8774859,0.1924196,0.48583996
1,/home/sunrise/project/tensorflow/object_detection/test_image/2590-1.jpg,215916.66666666666,0.5929573,0.66110533,0.18884818,0.45725226
1,/home/sunrise/project/tensorflow/object_detection/test_image/2600-0.jpg,216750.0,0.54345435,0.60366386,0.13876033,0.4258002
1,/home/sunrise/project/tensorflow/object_detection/test_image/2600-1.jpg,216750.0,0.71343213,0.7756297,0.14917335,0.46153638
1,/home/sunrise/project/tensorflow/object_detection/test_image/2600-2.jpg,216750.0,0.84685934,0.9028009,0.16835405,0.3241014
1,/home/sunrise/project/tensorflow/object_detection/test_image/2600-3.jpg,216750.0,0.829838,0.9321876,0.16747051,0.36777204
1,/home/sunrise/project/tensorflow/object_detection/test_image/2610-0.jpg,217583.33333333334,0.5787311,0.6560783,0.16152638,0.47214752
1,/home/sunrise/project/tensorflow/object_detection/test_image/2610-1.jpg,217583.33333333334,0.61217624,0.7109377,0.16129415,0.46194196
1,/home/sunrise/project/tensorflow/object_detection/test_image/2610-2.jpg,217583.33333333334,0.4853306,0.5389459,0.15172648,0.42334157
1,/home/sunrise/project/tensorflow/object_detection/test_image/2630-0.jpg,219250.0,0.4554129,0.5341337,0.18898468,0.46833336
1,/home/sunrise/project/tensorflow/object_detection/test_image/2630-1.jpg,219250.0,0.36210272,0.43946394,0.18385336,0.4796107
1,/home/sunrise/project/tensorflow/object_detection/test_image/2630-2.jpg,219250.0,0.75810677,0.81908494,0.19602264,0.49008197
1,/home/sunrise/project/tensorflow/object_detection/test_image/2640-0.jpg,220083.33333333334,0.6411181,0.73466367,0.19217756,0.50255156
1,/home/sunrise/project/tensorflow/object_detection/test_image/2640-1.jpg,220083.33333333334,0.27859163,0.35380977,0.18179062,0.48920992
1,/home/sunrise/project/tensorflow/object_detection/test_image/2640-2.jpg,220083.33333333334,0.39010715,0.45264637,0.20728764,0.47540656
1,/home/sunrise/project/tensorflow/object_detection/test_image/2650-0.jpg,220916.66666666666,0.19301483,0.26936835,0.17838784,0.48085004
1,/home/sunrise/project/tensorflow/object_detection/test_image/2650-1.jpg,220916.66666666666,0.28867787,0.36535746,0.18441403,0.4591614
1,/home/sunrise/project/tensorflow/object_detection/test_image/2660-0.jpg,221750.0,0.10594167,0.19105543,0.20119557,0.4773319
1,/home/sunrise/project/tensorflow/object_detection/test_image/2660-1.jpg,221750.0,0.42851004,0.5167198,0.18656957,0.48862165
1,/home/sunrise/project/tensorflow/object_detection/test_image/2660-2.jpg,221750.0,0.21502031,0.2914514,0.20965016,0.45878512
1,/home/sunrise/project/tensorflow/object_detection/test_image/2670-0.jpg,222583.33333333334,0.10442501,0.1940673,0.20140427,0.46498477
1,/home/sunrise/project/tensorflow/object_detection/test_image/2670-1.jpg,222583.33333333334,0.33794487,0.4024279,0.18515664,0.48970628
1,/home/sunrise/project/tensorflow/object_detection/test_image/2680-0.jpg,223416.66666666666,0.19372341,0.2767724,0.21106924,0.48988158
1,/home/sunrise/project/tensorflow/object_detection/test_image/2680-1.jpg,223416.66666666666,0.008994769,0.08951531,0.19905646,0.46783948
1,/home/sunrise/project/tensorflow/object_detection/test_image/2680-2.jpg,223416.66666666666,0.815226,0.87905675,0.19301352,0.45854703
1,/home/sunrise/project/tensorflow/object_detection/test_image/2690-0.jpg,224250.0,0.6749337,0.77641714,0.19336848,0.4505993
1,/home/sunrise/project/tensorflow/object_detection/test_image/2690-1.jpg,224250.0,0.083927095,0.15446135,0.19540341,0.5055186
1,/home/sunrise/project/tensorflow/object_detection/test_image/2700-0.jpg,225083.33333333334,0.9233808,1.0,0.19030395,0.4874741
1,/home/sunrise/project/tensorflow/object_detection/test_image/2710-0.jpg,225916.66666666666,0.8494716,0.9095625,0.18964663,0.47095367
1,/home/sunrise/project/tensorflow/object_detection/test_image/2710-1.jpg,225916.66666666666,0.4832734,0.5613183,0.19489881,0.44035944
1,/home/sunrise/project/tensorflow/object_detection/test_image/2720-0.jpg,226750.0,0.73585474,0.8207556,0.17242055,0.45726436
1,/home/sunrise/project/tensorflow/object_detection/test_image/2720-1.jpg,226750.0,0.37293518,0.4555844,0.13676803,0.42938113
1,/home/sunrise/project/tensorflow/object_detection/test_image/2730-0.jpg,227583.33333333334,0.65536284,0.7072947,0.1646938,0.44028124
1,/home/sunrise/project/tensorflow/object_detection/test_image/2740-0.jpg,228416.66666666666,0.17261782,0.25673738,0.19920692,0.45690337
1,/home/sunrise/project/tensorflow/object_detection/test_image/2740-1.jpg,228416.66666666666,0.5424013,0.6236336,0.1662101,0.46750158
1,/home/sunrise/project/tensorflow/object_detection/test_image/2750-0.jpg,229250.0,0.4902181,0.5536887,0.1551643,0.42919552
1,/home/sunrise/project/tensorflow/object_detection/test_image/2750-1.jpg,229250.0,0.101022996,0.17426664,0.15988319,0.42252213
1,/home/sunrise/project/tensorflow/object_detection/test_image/2760-0.jpg,230083.33333333334,0.35415694,0.4126664,0.13982446,0.42272836
1,/home/sunrise/project/tensorflow/object_detection/test_image/2770-0.jpg,230916.66666666666,0.2201753,0.2925432,0.12619816,0.39429712
1,/home/sunrise/project/tensorflow/object_detection/test_image/2780-0.jpg,231750.0,0.12949486,0.19207676,0.1646481,0.44935387
1,/home/sunrise/project/tensorflow/object_detection/test_image/2790-0.jpg,232583.33333333334,0.04785407,0.12507422,0.19954982,0.46430174
1,/home/sunrise/project/tensorflow/object_detection/test_image/2820-0.jpg,235083.33333333334,0.04972773,0.12122927,0.24834403,0.5237969
1,/home/sunrise/project/tensorflow/object_detection/test_image/2820-1.jpg,235083.33333333334,0.004260473,0.07268706,0.25227076,0.52963555
1,/home/sunrise/project/tensorflow/object_detection/test_image/2830-0.jpg,235916.66666666666,0.16111329,0.23715001,0.25512362,0.529969
1,/home/sunrise/project/tensorflow/object_detection/test_image/2830-1.jpg,235916.66666666666,0.10635764,0.16256121,0.25563157,0.5456284
1,/home/sunrise/project/tensorflow/object_detection/test_image/2840-0.jpg,236750.0,0.26611447,0.33352613,0.27392426,0.53747785
1,/home/sunrise/project/tensorflow/object_detection/test_image/2840-1.jpg,236750.0,0.20201248,0.28140217,0.27638447,0.543586
1,/home/sunrise/project/tensorflow/object_detection/test_image/2850-0.jpg,237583.33333333334,0.3454755,0.4195518,0.23128179,0.53751266
1,/home/sunrise/project/tensorflow/object_detection/test_image/2850-1.jpg,237583.33333333334,0.31639546,0.3886813,0.24662204,0.5406594
1,/home/sunrise/project/tensorflow/object_detection/test_image/2850-2.jpg,237583.33333333334,0.15946639,0.25736076,0.25958562,0.60072136
1,/home/sunrise/project/tensorflow/object_detection/test_image/2860-0.jpg,238416.66666666666,0.411441,0.50384814,0.22424966,0.51988184
1,/home/sunrise/project/tensorflow/object_detection/test_image/2860-1.jpg,238416.66666666666,0.070420966,0.13332842,0.25247678,0.5270449
1,/home/sunrise/project/tensorflow/object_detection/test_image/2860-2.jpg,238416.66666666666,0.29193744,0.36844096,0.22475192,0.56530905
1,/home/sunrise/project/tensorflow/object_detection/test_image/2870-0.jpg,239250.0,0.397706,0.49281386,0.1777892,0.50507134
1,/home/sunrise/project/tensorflow/object_detection/test_image/2870-1.jpg,239250.0,0.16650914,0.25057334,0.17583607,0.46693987
1,/home/sunrise/project/tensorflow/object_detection/test_image/2870-2.jpg,239250.0,0.5387796,0.6031797,0.17065577,0.45045072
1,/home/sunrise/project/tensorflow/object_detection/test_image/2880-0.jpg,240083.33333333334,0.05040628,0.13340077,0.20893666,0.46429244
1,/home/sunrise/project/tensorflow/object_detection/test_image/2880-1.jpg,240083.33333333334,0.61964715,0.70571923,0.19163965,0.4563437
1,/home/sunrise/project/tensorflow/object_detection/test_image/2880-2.jpg,240083.33333333334,0.5023354,0.58044803,0.18238148,0.50114846
1,/home/sunrise/project/tensorflow/object_detection/test_image/2880-3.jpg,240083.33333333334,0.58091533,0.64652884,0.20052911,0.47526926
1,/home/sunrise/project/tensorflow/object_detection/test_image/2890-0.jpg,240916.66666666666,0.10253017,0.17650448,0.2212635,0.46913823
1,/home/sunrise/project/tensorflow/object_detection/test_image/2890-1.jpg,240916.66666666666,0.17255205,0.2329416,0.21591048,0.474894
1,/home/sunrise/project/tensorflow/object_detection/test_image/2890-2.jpg,240916.66666666666,0.3511119,0.41809684,0.18793029,0.4895091
1,/home/sunrise/project/tensorflow/object_detection/test_image/2890-3.jpg,240916.66666666666,0.62435937,0.6958641,0.19273461,0.51389
1,/home/sunrise/project/tensorflow/object_detection/test_image/2890-4.jpg,240916.66666666666,0.6995221,0.75686866,0.19314975,0.4832368
1,/home/sunrise/project/tensorflow/object_detection/test_image/2890-5.jpg,240916.66666666666,0.71828187,0.7845547,0.18762042,0.46762437
1,/home/sunrise/project/tensorflow/object_detection/test_image/2900-0.jpg,241750.0,0.8120635,0.8980202,0.21486554,0.4742718
1,/home/sunrise/project/tensorflow/object_detection/test_image/2900-1.jpg,241750.0,0.4443404,0.5240811,0.20349646,0.5165844
1,/home/sunrise/project/tensorflow/object_detection/test_image/2900-2.jpg,241750.0,0.7210898,0.80223054,0.21359925,0.51779664
1,/home/sunrise/project/tensorflow/object_detection/test_image/2900-3.jpg,241750.0,0.2692271,0.34760082,0.23182245,0.5104606
1,/home/sunrise/project/tensorflow/object_detection/test_image/2900-4.jpg,241750.0,0.8030577,0.8719623,0.22319427,0.48397538
1,/home/sunrise/project/tensorflow/object_detection/test_image/2910-0.jpg,242583.33333333334,0.903984,0.95759207,0.20204267,0.48624966
1,/home/sunrise/project/tensorflow/object_detection/test_image/2910-1.jpg,242583.33333333334,0.013062753,0.085604474,0.252952,0.5242975
1,/home/sunrise/project/tensorflow/object_detection/test_image/2910-2.jpg,242583.33333333334,0.8448716,0.90281874,0.20624906,0.50513476
1,/home/sunrise/project/tensorflow/object_detection/test_image/2910-3.jpg,242583.33333333334,0.03068595,0.126891,0.23054963,0.52097714
1,/home/sunrise/project/tensorflow/object_detection/test_image/2910-4.jpg,242583.33333333334,0.37270778,0.4307986,0.21416733,0.49730834
1,/home/sunrise/project/tensorflow/object_detection/test_image/2910-5.jpg,242583.33333333334,0.5523089,0.6121011,0.19260466,0.5046436
1,/home/sunrise/project/tensorflow/object_detection/test_image/2920-0.jpg,243416.66666666666,0.6299284,0.7226289,0.20352323,0.50602394
1,/home/sunrise/project/tensorflow/object_detection/test_image/2920-1.jpg,243416.66666666666,0.45274523,0.52769613,0.21874906,0.49408132
1,/home/sunrise/project/tensorflow/object_detection/test_image/2920-2.jpg,243416.66666666666,0.12602563,0.22556926,0.21714453,0.50217015
1,/home/sunrise/project/tensorflow/object_detection/test_image/2920-3.jpg,243416.66666666666,0.38092485,0.4482439,0.22684169,0.47628772
1,/home/sunrise/project/tensorflow/object_detection/test_image/2920-4.jpg,243416.66666666666,0.89962035,0.98592895,0.211262,0.5145597
1,/home/sunrise/project/tensorflow/object_detection/test_image/2930-0.jpg,244250.0,0.21863653,0.29945454,0.19610049,0.49933356
1,/home/sunrise/project/tensorflow/object_detection/test_image/2930-1.jpg,244250.0,0.4591994,0.5304003,0.20407255,0.46937585
1,/home/sunrise/project/tensorflow/object_detection/test_image/2930-2.jpg,244250.0,0.7486536,0.80818146,0.2050596,0.48688126
1,/home/sunrise/project/tensorflow/object_detection/test_image/2940-0.jpg,245083.33333333334,0.32568657,0.40869486,0.19412044,0.49826685
1,/home/sunrise/project/tensorflow/object_detection/test_image/2940-1.jpg,245083.33333333334,0.67255545,0.7398044,0.20659724,0.4957433
1,/home/sunrise/project/tensorflow/object_detection/test_image/2940-2.jpg,245083.33333333334,0.82555145,0.90456957,0.2026275,0.5076085
1,/home/sunrise/project/tensorflow/object_detection/test_image/2940-3.jpg,245083.33333333334,0.5786089,0.63654494,0.22736485,0.47384697
1,/home/sunrise/project/tensorflow/object_detection/test_image/2950-0.jpg,245916.66666666666,0.21062295,0.30464795,0.21556987,0.5419217
1,/home/sunrise/project/tensorflow/object_detection/test_image/2950-1.jpg,245916.66666666666,0.7794985,0.8602211,0.21321373,0.49016368
1,/home/sunrise/project/tensorflow/object_detection/test_image/2950-2.jpg,245916.66666666666,0.08142954,0.19126916,0.21682948,0.5039328
1,/home/sunrise/project/tensorflow/object_detection/test_image/2950-3.jpg,245916.66666666666,0.4033209,0.47946697,0.18723015,0.5143683
1,/home/sunrise/project/tensorflow/object_detection/test_image/2950-4.jpg,245916.66666666666,0.66009754,0.73423904,0.20873486,0.46639407
1,/home/sunrise/project/tensorflow/object_detection/test_image/2950-5.jpg,245916.66666666666,0.94276935,0.9999699,0.2119486,0.48864844
1,/home/sunrise/project/tensorflow/object_detection/test_image/2960-0.jpg,246750.0,0.20182908,0.2812751,0.17901134,0.48836243
1,/home/sunrise/project/tensorflow/object_detection/test_image/2960-1.jpg,246750.0,0.47565588,0.545247,0.17173155,0.4882993
1,/home/sunrise/project/tensorflow/object_detection/test_image/2960-2.jpg,246750.0,0.728608,0.7902975,0.21537091,0.46640414
1,/home/sunrise/project/tensorflow/object_detection/test_image/2960-3.jpg,246750.0,0.86363757,0.9197873,0.20445792,0.47023457
1,/home/sunrise/project/tensorflow/object_detection/test_image/2970-0.jpg,247583.33333333334,0.33066663,0.44432607,0.20751105,0.52256906
1,/home/sunrise/project/tensorflow/object_detection/test_image/2970-1.jpg,247583.33333333334,0.75856227,0.8402583,0.1896282,0.46416497
1,/home/sunrise/project/tensorflow/object_detection/test_image/2970-2.jpg,247583.33333333334,0.5042371,0.5745955,0.19456184,0.48518294
1,/home/sunrise/project/tensorflow/object_detection/test_image/2970-3.jpg,247583.33333333334,0.9067108,0.9804179,0.20232296,0.4517501
1,/home/sunrise/project/tensorflow/object_detection/test_image/2980-0.jpg,248416.66666666666,0.46860462,0.54136294,0.175429,0.4942667
1,/home/sunrise/project/tensorflow/object_detection/test_image/2980-1.jpg,248416.66666666666,0.6061279,0.6879503,0.15937892,0.46726158
1,/home/sunrise/project/tensorflow/object_detection/test_image/2990-0.jpg,249250.0,0.5608405,0.6499959,0.17187408,0.49006817
1,/home/sunrise/project/tensorflow/object_detection/test_image/2990-1.jpg,249250.0,0.6998769,0.78694165,0.19166929,0.47218204
1,/home/sunrise/project/tensorflow/object_detection/test_image/3000-0.jpg,250083.33333333334,0.8393303,0.9183649,0.18742746,0.4737705
1,/home/sunrise/project/tensorflow/object_detection/test_image/3000-1.jpg,250083.33333333334,0.7379989,0.81509215,0.18155558,0.51121134
1,/home/sunrise/project/tensorflow/object_detection/test_image/3010-0.jpg,250916.66666666666,0.83666104,0.93613404,0.18875828,0.51254404
1,/home/sunrise/project/tensorflow/object_detection/test_image/3010-1.jpg,250916.66666666666,0.8893236,0.96310675,0.18850893,0.51094633
